Song_ID,Tonic,Chords
1,C,"VI:min,I:maj,IV:maj,II:maj,V:maj,VI:maj,"
2,Ab,"I:maj,IV:maj,VII:hdim7 C,VI:min,III:7,VI:min C,II:min7,V:7,VII:hdim7,III:min7,V:11,V:maj,I:7,I:maj7,bVII:maj Db,IV:maj7 C,bVII:maj(9),bVII:7,VI:min7,"
3,C,"I:5,I:maj,V:maj,IV:maj,IV:sus2,I:maj(9),V:maj(9),IV:maj(9),III:min,VI:min(11),"
4,C,"I:maj,II:min,IV:maj,V:maj,V:min7,bVII:maj,I:maj F,I:maj D,IV:maj Bb,IV:maj G,"
5,D,"II:min,IV:maj,V:maj,I:maj,V:maj A,II:min F#,IV:maj A,II:min A,II:min F#,"
6,Eb,"bVII:min(9),bIII:maj6(b7),I:7,I:7(#9),IV:7,bVII:maj,IV:maj,"
7,A,"I:min,bVI:maj,bVII:maj,IV:min,bIII:maj,V:7,"
8,C,"I:maj G,VI:min,I:min7,IV:maj,I:maj,I:min,IV:min,bVI:maj,bVII:maj,I:maj(9),IV:sus2 F,V:min7,IV:min9,V:maj,VI:hdim7,II:min7,V:11,"
9,Db,"VI:min,II:min,IV:maj6,V:maj,I:maj,I:maj Gb,V:maj Db,VI:min Bb,IV:maj,I:maj Db,IV:maj Db,"
10,G,"I:maj,V:maj,IV:maj,VI:min,II:min,III:min,VI:min D,I:maj C,"
11,G,"V:maj,I:maj,bVII:maj,IV:maj G,VI:min,I:maj7,IV:maj7,IV:maj,III:sus4(b7,VI:min7,V:maj G,IV:maj C,IV:maj6,III:min,V:maj7,II:maj,VI:maj,V:maj A,VI:maj A,V:maj7 D,V:maj6,V:maj13,bVII:maj G,"
12,E,"I:maj A,I:maj,#IV:maj F,bVI:maj F,#IV:maj C,bII:maj,#IV:maj G,bVI:maj,bVII:maj A,V:min,bIII:maj,"
13,A,"I:min D,bVII:maj C,bVII:maj,V:min,IV:maj,IV:7,V:maj,"
14,B,"I:maj,I:sus4,IV:maj,IV:min,bIII:maj,bVI:maj,bII:maj,"
15,E,"I:7(#9),bVI:maj D,bVI:maj A,bIII:maj D,IV:maj,"
16,F,"I:maj,IV:maj,V:maj,V:sus4,"
17,Ab,"I:maj,IV:maj,IV:maj Eb,IV:maj Ab,VI:min F,II:maj,V:maj,bVII:maj,II:min,"
18,A,"bIII:maj,V:maj,IV:min,I:min,bVI:maj,bVII:maj,IV:maj,IV:min E,bIII:maj F,II:min7,I:maj,V:7,"
19,C,"V:min,VI:min,IV:maj,I:maj,IV:min,V:maj,II:min,II:min G,III:min,II:maj,"
20,C,"I:7(#9),bIII:5 C,bIII:5,bVII:5 C,IV:7,bVII:7,bIII:5 D,bVI:5 G,IV:5 G,bII:5 Bb,bVII:5 B,I:5 C,I:5,I:1,I:5 F,bVII:5 Eb,bVI:5 Db,I:7,"
21,Ab,"I:maj,VI:min,V:7,"
22,E,"I:maj,IV:maj G,IV:maj,I:maj D,IV:maj E,bVII:maj A,V:maj,"
23,B,"I:min,I:min7,"
24,A,"I:maj,IV:maj,bVII:maj,V:maj,bIII:maj,II:maj,V:7,I:min,IV:min,bVII:maj D,"
25,G,"IV:maj,V:maj,I:maj,II:maj,II:min,III:min7,V:sus2(b7),bVI:maj,bVII:maj,III:maj7,bII:min7,bIII:min7,#IV:maj,bIII:sus4(b7),II:min7,"
26,E,"bVII:1,I:min,bVI:maj,bVII:maj,bVI:maj D,"
27,C,"I:maj,IV:maj C,IV:maj G,"
28,A,"II:min7,V:sus4(b7,I:maj9,V:sus4(b7),V:maj7,V:maj,II:9,IV:maj6,I:maj,IV:maj7,I:maj6,I:maj7,II:min7 E,I:9,II:hdim7,II:min7 E,I:11,I:13,II:min7 F,"
29,G,"I:maj,IV:maj,V:maj,"
30,D,"bVII:sus2,I:5,bIII:maj,I:5 C,I:5 F,I:5 C,I:min,I:min C,bVI:maj C,bII:maj(9) F,bVII:sus4(b7,bII:9,bVII:maj,bVI:maj,V:min,bVI:sus4(b7,"
31,G,"I:maj,V:maj,IV:maj G,bIII:maj6,IV:maj,V:maj G,V:maj A,I:maj A,I:maj D,II:maj E,II:1 D,"
32,E,"I:maj,IV:maj,V:maj,"
33,E,"I:min7,I:min9 E,IV:min7,#IV:1 A,"
34,Bb,"V:7,I:maj D,VI:7,II:min7,I:maj B,II:min,I:maj Eb,I:7,IV:maj,I:maj F,I:maj,II:9,II:7,V:7 F,II:min7 F,"
35,C,"V:13,I:maj,IV:maj,V:maj,bVII:maj,V:13 G,V:sus4(b7),I:min9,I:min7,bIII:min9,bVII:maj7 Bb,bVII:aug Bb,VI:7,VI:1(b5,II:7,bIII:maj,I:min7 F,bVII:maj7,V:min,"
36,E,"I:min,IV:min,V:7,bVI:maj,I:min A,V:7 C,bII:maj D,bIII:maj A,"
37,E,"bVI:maj7,bVII:maj6,bVII:maj,I:min,I:maj,V:7,bVII:sus4 D,V:sus4(b7) B,IV:min,V:sus4(b7),"
38,G,"I:maj,II:min,V:maj,IV:maj,II:7,V:maj A,bVII:maj,III:min,III:7,I:maj C,IV:maj6,IV:maj D,V:maj C,"
39,F,"I:maj,IV:maj,V:maj,VI:min,IV:min,V:7,"
40,Eb,"I:maj,IV:maj,V:maj,"
41,E,"I:5,IV:maj,I:maj,bVII:maj,bVI:maj,bVI:maj7,IV:7,bIII:maj B,bIII:maj,IV:maj F#,"
42,C,"I:maj,V:min9,II:hdim7,bVI:maj(9),bIII:maj(9) Eb,bIII:maj,II:min7 G,V:7,II:min7,V:maj,"
43,C,"I:7(#9),I:maj,IV:maj,bVII:maj,III:maj,IV:maj G,bVI:maj Eb,V:sus4,bIII:maj,V:maj,I:maj G,VI:min,IV:maj D,II:min,II:maj,III:7,III:min,II:min7 D,II:min7,II:7(#9),V:maj F,V:5,IV:5,I:5,bVII:5,bIII:maj F,bVII:maj F,V:min,bIII:maj Bb,IV:maj Bb,"
44,A,"I:maj,bVII:maj,IV:maj,V:maj,IV:maj E,"
45,A,"bIII:maj,V:maj,IV:min,I:min,bVI:maj,bVII:maj,IV:maj,IV:min E,bIII:maj F,II:min7,I:maj,V:7,"
46,Ab,"I:1,I:maj,bVII:maj,II:7,V:7,"
47,D,"I:maj,bVII:maj,IV:maj D,V:maj,IV:maj,I:maj C,IV:1,I:1,V:min,"
48,D,"bII:maj,bIII:min9 Bb,#IV:min9 Db,II:min9 A,I:maj,IV:maj7,bVII:9(13,VI:9,bVI:9,I:maj G,IV:min9,"
49,A,"bVII:maj9,I:maj,V:min7 E,V:min9,II:1,V:1 F#,bVII:1 F#,I:1(11,II:min Bb,I:sus4 A,II:min E,bVII:maj7,II:5(b7),V:min7,"
50,D,"I:min7,bVII:7,bIII:7,IV:7,IV:9,I:maj6(b7,"
51,F,"I:maj C,IV:maj C,I:maj C,IV:maj C,"
52,Db,"I:maj Gb,V:maj,IV:maj Ab,I:maj,IV:maj,V:sus4,V:maj Gb,"
53,C,"I:5,I:5 C,I:sus4(b7,I:5(b7),I:5(b7) C,I:5(13),I:maj(9),V:min7,IV:maj9,IV:min,VI:min,bVII:maj(9),bIII:maj9,V:11,I:maj,IV:min7 Eb,I:sus4 C,bVII:11,bIII:maj7,bII:11,#IV:maj7,VII:11,III:maj7,bVI:min7,bVI:min7 Db,bII:maj,#IV:min7 Fb,bVI:11,"
54,E,"bII:maj,I:min,bVI:maj,IV:min,bVII:maj,bVI:7,I:7,bII:min,bII:maj7,#IV:maj,bVI:maj F,IV:maj,bIII:maj,I:maj,"
55,C,"I:sus2,bVII:maj6(9),I:maj,V:min11,IV:maj,V:7,V:min7,V:min6,"
56,C,"I:5,bVI:maj,bIII:maj,V:maj,I:min,bVI:maj7,bVII:maj(9),IV:maj,bVII:maj,V:sus4(b7),V:7,bVI:5,"
57,G,"I:maj,VI:min9,IV:maj9,III:min7,II:min,bVII:maj6(9),V:1,III:min,IV:maj,bVI:maj,VI:min7,I:maj G,IV:maj C,bVII:maj9,bII:maj,II:min7,VI:min9 E,"
58,D,"I:min,bVII:maj,I:5,bVII:5,bVII:sus4,bVI:maj,bIII:maj,V:min,I:min7,"
59,G,"I:maj,II:min7(11),III:min,II:min,IV:maj,V:maj,I:maj F,bVII:maj,"
60,D,"I:maj,bVII:maj,IV:maj D,V:maj,IV:maj,I:maj C,IV:1,I:1,V:min,"
61,D,"I:min7,I:min,bVI:maj,V:7,V:7(b9) A,IV:min7,V:sus4,bVI:maj7,bVII:maj A,"
62,C,"I:5,I:sus4(b7),bVI:maj,IV:min G,I:min,bIII:maj,IV:maj,V:min,I:maj,V:min7,IV:min7,"
63,D,"II:min G,II:maj,I:sus2,II:1(b3,IV:maj,I:5 D,I:5 E,V:maj,I:maj,II:min,V:maj D,"
64,B,"I:maj,IV:maj,I:maj(9),IV:maj B,IV:maj F#,V:maj,VI:maj,II:maj,II:maj Ab,"
65,Eb,"V:sus4(b7,IV:7(b9),I:maj6,II:min7,V:7,I:maj Eb,I:maj7 Eb,I:maj7,I:maj,IV:maj,V:maj,II:min7 Bb,I:maj Eb,II:min7 Eb,IV:maj9 Ab,IV:min(9) Ab,II:sus4(b7,V:7(b9),I:maj Eb,I:maj6 Eb,V:sus4(b7) Bb,"
66,A,"I:maj(9),IV:min6,I:5,I:1(#5),IV:maj,bVII:min,I:maj,IV:min,V:min,IV:min7,IV:sus4,V:maj,bVI:maj(9) G,II:min,"
67,E,"I:1,IV:1,I:maj,V:maj,IV:maj,bVII:maj,IV:maj B,"
68,A,"I:maj(9),V:maj,I:sus2(b7),IV:maj6(9),IV:min9,I:maj,IV:min6,V:7,IV:maj6,II:min7,IV:maj,IV:min,"
69,G,"V:maj C,I:maj,V:maj C,I:maj C,"
70,G,"V:7,I:maj,VI:min A,V:maj,IV:maj,II:min,bIII:maj,bIII:maj D,IV:min,bIII:maj Bb,bVI:maj Eb,bIII:maj Bb,"
71,E,"I:min,I:min F#,I:min7,bVII:maj,bVI:maj,bIII:maj,bIII:maj F#,"
72,E,"I:maj,IV:maj,V:maj,I:7,V:7,"
73,D,"I:maj,IV:maj,V:maj,bVII:maj G,"
74,G,"I:7,V:7,IV:7,"
75,D,"V:maj,IV:maj,I:maj,V:min,bVII:maj G,I:maj A,II:min,"
76,G,"I:maj,VI:min,IV:maj,V:maj,"
77,E,"I:maj,V:maj,IV:maj,V:7,"
78,E,"I:sus4,I:min B,IV:min7,bVI:maj7 C,bVII:maj,bVI:maj7,IV:min7 D,bIII:maj7 G,bVII:min7 G,IV:min7 G,bVI:maj7 D,IV:min7 B,bVI:min7 D,#IV:maj7,IV:sus4,bVII:sus4(b7,I:min,"
79,Ab,"I:maj,V:7,V:sus4,V:maj,IV:maj,I:maj7,I:maj(9),IV:maj7 Db,"
80,G,"I:maj,IV:maj,III:min,V:maj,II:min7,"
81,E,"I:maj,V:maj,IV:maj,I:maj C,I:7,I:maj A,"
82,Bb,"I:maj,V:7,IV:maj,V:maj,I:7,III:maj,#IV:dim,II:min7,I:maj G,"
83,E,"IV:maj,I:maj,V:maj,IV:maj E,I:maj E,IV:maj C#,bVII:maj A,IV:maj7,bVII:maj7,"
84,B,"IV:maj,I:maj,I:maj F#,"
85,G,"I:maj,IV:maj,II:min,IV:maj7,VI:min,V:maj C,III:min A,V:maj B,V:sus4,V:maj B,"
86,E,"I:1,bII:1,I:maj,I:7,IV:maj,V:maj,"
87,D,"I:5,I:min,bVII:maj,IV:min,IV:maj,VII:min,V:maj,bVI:maj,"
88,Ab,"I:maj,IV:maj,V:maj,"
89,A,"I:min7,bIII:min7,I:1(b7),I:1(13),bVI:1(3),I:5,"
90,D,"I:min,bVII:maj,I:5,bVII:5,bVII:sus4,bVI:maj,bIII:maj,V:min,I:min7,"
91,D,"I:maj,VI:min,IV:maj,V:maj,V:maj N,"
92,F,"I:maj,V:maj,II:maj,VI:maj,"
93,A,"I:min(9) A,bVII:maj E,IV:maj,IV:min7,bVI:maj(9),I:min7,bVI:maj D,"
94,A,"I:maj,I:7,I:maj6,IV:maj,II:min,V:maj,V:7,"
95,G#,"bVI:maj F#,bVI:maj,bIII:maj F#,bIII:maj,bII:maj,"
96,Db,"I:maj Db,I:maj7 Db,V:7 Ab,IV:maj Db,II:min,IV:maj6,I:maj,"
97,F,"I:maj,III:min,IV:maj,V:maj,II:min Bb,VI:min,IV:maj Bb,I:maj Bb,V:7,I:maj D,II:maj,VI:maj,III:min C,VII:min,#IV:min,VI:7,V:maj C,II:maj C,"
98,D,"I:sus4(b7),bVI:maj C,I:min,I:min G,I:min7,"
99,Db,"I:maj,VI:min,IV:min,V:maj,IV:maj,I:7,V:7,V:7(#9),V:maj6(b7) Ab,I:maj7,V:7(b9),I:maj13,"
100,E,"I:maj F#,bVI:maj,bVII:maj,I:maj,V:min,"
101,E,"I:maj,IV:maj,V:maj,bVI:maj B,"
102,A,"I:maj,V:7,I:maj E,IV:maj,"
103,G,"I:maj,IV:maj,V:maj,"
104,G,"I:maj,V:7,IV:maj,V:maj,"
105,C,"III:1,I:maj E,VI:min7 E,II:min F,I:maj,I:maj D,IV:maj C,II:maj F,IV:min,III:min,IV:maj,V:maj,"
106,G,"I:maj,V:7,VI:min,IV:maj,I:7,III:7,"
107,B,"I:min,I:5,IV:min,bVII:sus4,bVI:sus4,bVI:5,IV:5,"
108,A,"I:maj,V:7,I:maj E,IV:maj,"
109,A,"I:min,bVI:maj7 E,bVI:maj,bIII:maj,bVII:maj,IV:min(9),bIII:min(9),II:7(b9,bVII:7,II:maj,"
110,Db,"bIII:sus4 E,bIII:maj,V:sus4 Ab,V:1 Gb,I:maj F,IV:maj Gb,bVI:7 Ab,VI:sus4 Bb,II:maj G,V:maj Ab,"
111,Ab,"I:maj,IV:maj,V:maj,#IV:maj,"
112,B,"I:maj7,bVI:maj9,I:min7,IV:maj7,IV:min7,IV:maj,"
113,D,"I:maj,I:1,bVII:1,VI:1,bVI:1,IV:maj,II:min,VI:min,V:maj,"
114,D,"I:maj,I:sus4,IV:maj,V:maj,VI:min,II:min,"
115,A,"I:maj D,I:maj,V:maj,V:maj D,V:maj E,I:maj E,IV:maj,I:maj A,I:maj7 A,"
116,G,"I:maj,V:maj,VI:min D,IV:maj,II:maj,IV:maj G,II:min G,IV:maj D,bIII:maj C,I:maj D,VI:min D,II:min D,"
117,G,"I:maj,I:7,V:7,I:maj C,I:maj G,IV:maj,IV:min,II:7,I:maj D,I:maj D,"
118,B,"I:maj,IV:maj,#IV:maj,bVI:maj,bVII:maj,I:min,bII:maj,"
119,A,"I:maj,bVII:maj,IV:maj,II:7,I:maj A,II:maj,V:maj,"
120,C,"IV:maj7,II:min7,V:sus4(b7),I:maj,V:7,I:maj7,I:min7,I:7,II:maj,bII:maj7,"
121,F,"IV:maj F,V:maj F,V:maj,I:maj,VI:min,III:min,IV:maj,bIII:maj,bVI:maj,"
122,F,"V:maj A,VI:min7 G,V:maj A,VI:min7 G,V:maj7,V:maj,bVII:dim,I:maj7,VI:7 D,VI:hdim7,IV:maj,IV:min,I:maj C,VI:7,II:9,II:7,V:sus4(b7,VI:9,V:7,I:maj,"
123,G,"V:maj(9),IV:min7,bVI:maj,bVII:maj,I:min7,bVI:maj7,V:7,IV:min7 F,bIII:maj7 G,IV:min7 D,I:min,I:1,"
124,A,"I:maj,IV:maj,V:7,"
125,F#,"IV:maj,bVI:maj,bVII:maj,VII:min Bb,bIII:maj,"
126,D,"I:maj,II:min,bVI:maj,bIII:7,"
127,D,"V:5(b7),VI:min,IV:maj,V:maj,IV:maj A,I:maj,V:11,"
128,B,"I:maj,I:maj7,I:7,IV:maj,IV:min,bVI:maj,bII:maj,#IV:maj,bII:7,#IV:min,#IV:maj C,bVII:maj,bIII:7,bVI:7,bVII:7,bIII:maj,"
129,C,"I:maj,II:maj,IV:maj,V:sus4,VI:min,II:min,V:maj G,V:maj,bIII:maj Eb,bIII:maj6 Eb,V:sus4(b7,V:7,"
130,D,"I:maj G,V:maj,I:maj C,IV:maj,I:maj,"
131,Ab,"I:7(#9),"
132,D,"IV:5,I:5,bVII:maj,I:min G,V:7,VI:dim,IV:min,bVII:maj C#,I:min,I:min C,bVI:maj,bIII:maj,IV:7,V:sus4,IV:maj(9),I:maj7,II:min,bII:aug,I:maj,IV:1,I:1,"
133,D,"I:maj,II:min7 A,V:maj,bVI:maj F,bVII:maj G,bVII:maj,#IV:maj Eb,I:maj D,I:9,IV:maj,I:maj(b9),I:7,"
134,D,"I:maj D,I:sus4,I:maj G,I:maj A,I:maj A,I:maj,I:maj A,IV:maj D,V:maj D,V:sus4(b7),I:maj D,IV:maj F,bIII:maj F,bVI:maj Eb,"
135,A,"I:maj,V:sus4(9),II:min7,bVI:maj7,bIII:maj7,V:7,V:sus4,V:maj,"
136,G,"I:maj,V:maj,IV:maj,IV:7,"
137,D,"II:min,I:maj7,V:sus4(b7,VI:min,bVI:maj F,bII:maj Bb,IV:maj,V:maj,"
138,C,"I:maj Eb,IV:maj G,I:maj,IV:maj,V:maj,I:maj F,"
139,G,"I:5,I:min,bVII:7,bIII:maj,II:maj Ab,I:min6,I:maj6(7),I:minmaj7,"
140,Eb,"V:7,IV:7,I:7 Eb,I:7,"
141,G,"I:5,bVII:maj,bIII:maj F,I:maj,bIII:maj,IV:maj,bVI:maj,VI:min,I:5 F,"
142,F,"I:min F,bIII:maj,V:7,"
143,D,"I:5 A,IV:5 A,V:maj,I:maj,VI:min,IV:maj A,VI:min A,IV:5,VI:maj,"
144,A,"I:maj,IV:maj,II:min,V:maj,II:maj,"
145,A,"V:7,I:maj,II:7,V:7 A,IV:maj,II:min,V:maj,I:maj D,bVI:7,bII:maj,bIII:7,bVI:7 Bb,#IV:maj,bII:maj G,bIII:min,bVI:maj,bII:maj Eb,bVI:13,bII:maj Eb,"
146,Eb,"II:min9,V:sus4(b7,I:maj7,bVII:7 C,#IV:7(#11),IV:maj7,III:min7,II:min7,VI:min,bVII:7(#11),II:7,"
147,Bb,"I:maj,I:maj7,V:sus4(b7,IV:maj,IV:maj F,II:min7 F,IV:maj F,IV:maj F,V:maj,V:sus4(b7),V:maj F,I:maj F,"
148,D,"I:1,I:maj,II:maj,"
149,F,"I:maj,IV:maj,II:min C,VI:min,V:11,bIII:maj,bIII:maj Bb,V:min,I:min D,bVII:maj,I:min,VI:min D,IV:maj Bb,II:min,VI:maj,V:maj6,"
150,F,"I:maj,IV:maj,VI:min7,V:maj,VI:min7 C,II:min,III:min7,VI:min,III:min7 Bb,IV:maj7,II:maj,"
151,F,"I:maj,I:maj D,II:min C,II:min7(11),V:maj(11),IV:maj,"
152,G,"I:maj,IV:maj,II:maj,V:maj,I:maj G,"
153,D,"IV:maj E,II:min B,IV:maj A,V:maj,I:maj E,II:min B,VI:min7 F#,VI:min,V:sus4 A,IV:maj,VI:min(9),I:maj,I:maj G,I:maj F#,V:maj B,"
154,E,"I:maj,IV:maj,IV:7,I:7,IV:maj B,I:maj E,bVII:maj D,IV:maj B,"
155,E,"I:maj,IV:maj,V:maj,V:7,I:7,IV:maj E,"
156,D,"bVI:maj,V:1(11),V:1(11) D,bVII:maj,I:7,IV:sus4(b7),V:min,IV:min7,bIII:maj,I:maj,I:1,I:min,bVI:1(3),IV:min,V:sus4,I:min7,IV:maj,bVI:maj(9),IV:7,I:sus4(b7),I:5 D,I:1(#5) D,I:5,bVI:maj A,bIII:maj D,IV:sus4,bVI:maj A,V:min7,V:1(11) D,IV:maj6,bVII:sus4(b7),bVII:maj6,II:min,"
157,G,"I:maj,IV:maj,V:maj,V:7,IV:maj B,VI:min,II:min7,I:maj7,"
158,G,"I:maj,bVI:maj9 D,bVI:maj9 F,V:maj,VI:min7,II:min7 E,I:maj A,I:maj A,II:min7 E,"
159,D,"I:1 E,I:1,I:maj,VI:min7,IV:maj7,VI:min7 D,IV:min7,V:min D,II:sus4(b7),II:7,V:sus4(b7,II:min,I:maj E,V:min7 D,V:7,VI:sus4(b7),II:min7,I:maj D,bVI:maj7,bVII:7,V:min7,I:7,IV:maj,bVI:maj,bVII:maj,"
160,A,"I:maj,I:maj(9),IV:maj,II:min,II:min7,I:maj E,I:9 A,IV:maj7,IV:maj6(7),V:sus4(b7),V:7,I:7,I:maj G#,IV:min,I:maj A,IV:maj E,I:maj C#,IV:maj E,I:sus4 A,IV:min6(7),I:maj6,"
161,Db,"IV:maj F,VI:min Ab,VI:maj,II:min7 Ab,I:maj,II:min7 Ab,II:min,"
162,G,"I:maj,V:maj,V:7,III:maj,IV:maj,"
163,D,"I:maj,I:maj A,V:maj,I:sus4,IV:maj,I:maj G,V:maj D,V:7 A,V:7,"
164,C,"I:maj,V:maj(11),V:maj,IV:maj,II:min7,I:maj7,I:maj6,V:sus4,"
165,E,"I:maj,IV:maj,V:maj,"
166,E,"I:min,bIII:maj,IV:min,bVI:maj B,bVI:maj B,"
167,F#,"IV:maj,"
168,Bb,"I:maj,VI:min,IV:maj,V:maj,V:7,I:7,"
169,Bb,"I:min7,I:1 Db,V:hdim7 Bb,IV:min7 Eb,II:9(#11),bII:maj7 F,bVI:maj9,bII:7(#11),V:hdim7,I:7(#9),IV:7 D,bIII:7 C,V:9,I:7 Bb,IV:maj Bb,IV:maj,"
170,G,"I:maj,VI:min,IV:maj,V:maj,IV:min7,I:7,II:maj,V:7,"
171,G,"I:min7,bVII:maj,IV:maj,I:maj,bVI:maj,I:min,bIII:maj,"
172,D,"I:5,bVI:5,IV:maj,I:maj,V:maj,II:min,I:7(#9),"
173,F,"I:min,I:1,bIII:1,IV:1,V:1,bIII:maj,IV:maj,bVI:maj,V:maj,V:min,I:min Ab,I:min C,bVII:maj,"
174,Ab,"I:maj Eb,IV:maj(9),VI:min7 C,IV:maj Eb,III:min,II:min,V:maj,I:maj Bb,I:maj Db,II:min Eb,I:maj Db,IV:maj Eb,"
175,D,"V:1,V:min7,I:maj(#9),bVII:maj,V:maj(#9),VI:min,I:maj,V:maj,IV:maj,I:min7,"
176,D,"II:min,I:maj7,V:sus4(b7,VI:min,bVI:maj F,bII:maj Bb,IV:maj,V:maj,"
177,D,"I:min,I:min7,IV:sus4(b7,II:maj,V:sus4(b7,VI:maj,"
178,E,"I:maj,IV:maj,V:maj,"
179,Bb,"I:maj,II:maj,VI:min,IV:maj,II:7,VI:maj,V:maj,VII:maj,III:maj,"
180,Ab,"I:maj,VI:min7,III:min7,bVII:maj6(9),I:maj7,VI:min,III:min,IV:maj7,V:maj,V:sus4 Eb,VI:min F,IV:maj7 Eb,I:maj Db,IV:maj Eb,bVII:maj7,V:sus4(b7,V:7,II:min7 Eb,V:maj Eb,"
181,G,"I:maj,VI:min,IV:maj,V:7,VI:min7,bVI:maj,II:7,IV:maj D,IV:min,V:maj,bII:maj,bVII:min7,#IV:maj,VI:maj,bVI:7,bIII:7,VI:maj Eb,"
182,D,"I:maj G,V:maj,I:maj,IV:maj6,V:sus4 A,IV:maj D,V:maj G,IV:maj,V:sus4,"
183,B,"I:min,#IV:1 E,IV:min,I:1 A,IV:1 D,"
184,B,"I:maj G#,I:maj,I:maj A,IV:sus4 F#,"
185,A,"I:maj,bVII:maj,IV:maj,IV:maj D,"
186,F,"I:maj,IV:maj,VI:min7,V:maj,VI:min7 C,II:min,III:min7,VI:min,III:min7 Bb,IV:maj7,II:maj,"
187,B,"I:maj,I:7,IV:maj,I:maj B,IV:maj B,IV:maj C#,"
188,C,"I:maj(9),II:min,VI:min,IV:maj,V:maj,I:maj,V:7,"
189,D,"V:1,V:min7,I:maj(#9),bVII:maj,V:maj(#9),VI:min,I:maj,V:maj,IV:maj,I:min7,"
190,Bb,"I:maj,I:7,IV:maj,V:maj,IV:7,"
191,B,"I:min,bVI:maj6,bVII:maj(9),bVI:maj A,IV:min9,I:min(11),bVI:maj,bVII:maj,I:min7,bIII:maj,"
192,A,"I:min,IV:7,V:7,"
193,F,"I:maj,IV:maj,bIII:maj F,"
194,Db,"I:maj,V:7,I:7,IV:maj,II:min7 Ab,VII:dim Db,bVI:7,bII:maj,bII:7,#IV:maj,bIII:min7 A,VI:7,II:maj,II:7,V:maj,bII:dim Eb,"
195,Db,"I:maj,I:dim,V:7,I:7,IV:7,II:7,"
196,E,"I:maj,IV:maj,V:maj,bVII:maj,I:7,"
197,E,"I:maj,I:7,IV:7,I:7 B,V:7,I:7 B,bII:7,bII:7 C,bVI:7,#IV:7,"
198,A,"I:min,bVI:maj7 E,bVI:maj,bIII:maj,bVII:maj,IV:min(9),bIII:min(9),II:7(b9,bVII:7,II:maj,"
199,D,"V:5(b7),I:maj,V:maj,bVI:9,bVII:maj,IV:min7,V:min7,bVI:maj6(9),bIII:maj6(9),IV:min11,IV:sus4(b7),bVII:maj(9),bVI:maj7,"
200,D,"I:maj,IV:maj,V:maj,VI:min,II:9,"
201,D,"I:1 E,I:1,I:maj,VI:min7,IV:maj7,VI:min7 D,IV:min7,V:min D,II:sus4(b7),II:7,V:sus4(b7,II:min,I:maj E,V:min7 D,V:7,VI:sus4(b7),II:min7,I:maj D,bVI:maj7,bVII:7,V:min7,I:7,IV:maj,bVI:maj,bVII:maj,"
202,G,"I:maj,I:maj7,IV:maj,II:min,V:7,IV:maj D,VI:min,III:min,I:7,II:maj,I:maj C,"
203,D,"IV:maj7,I:maj6,IV:maj7 D,I:maj7,IV:maj,I:maj7 A,VI:min7,II:min7,V:7,VI:min9,"
204,G,"I:maj D,IV:maj,II:min,V:maj,VI:min,II:min C,I:maj E,I:maj C,"
205,E,"I:min,IV:maj B,V:13,I:maj,IV:maj,V:maj,IV:maj F#,V:7,"
206,E,"I:maj E,IV:maj,IV:min6,I:maj,V:maj A,I:maj E,IV:maj7 A,I:maj G#,I:maj7 E,I:maj E,I:maj E,V:7 C,bII:maj F,#IV:maj7 Bb,bII:maj A,bVII:7(b9),bIII:7,bIII:min7 C,bII:maj F,bVI:7 N,bII:maj,#IV:maj Bb,"
207,Eb,"I:maj,"
208,G,"I:min,bVII:7,bVI:maj7,V:sus4 D,V:7,bIII:maj,IV:min,IV:min7,V:maj,I:maj7,II:min7,I:maj,I:min7,"
209,E,"I:maj,IV:maj,bVII:maj B,"
210,G,"I:maj,V:7,IV:maj,II:7,"
211,Ab,"I:maj,V:maj,V:maj Ab,VI:min,III:min,IV:maj,II:min Eb,II:min Eb,"
212,F,"I:maj D,IV:maj,V:maj,I:maj,II:7,V:7,"
213,Bb,"I:maj,V:sus4(b7),II:min7,IV:maj,VI:min7,II:7,V:maj,I:maj G,II:7 F,II:min Bb,IV:maj F,III:min,VI:min Eb,V:7,"
214,D,"I:7,IV:7,V:7,I:9,"
215,D,"I:1,I:maj,II:min7 A,I:maj B,II:min,"
216,E,"I:maj,V:maj A,bVII:maj A,I:maj B,I:maj D,bVI:maj G,IV:maj,I:min D,V:maj,I:min B,bVI:1 G,IV:maj E,bII:1 C,bII:1 E,IV:min,I:min,bII:dim,V:7,bVI:dim,bIII:maj7,bVI:1(b5,VI:maj,VII:1(b5,bIII:1(b5,#IV:maj7,IV:1(b5,"
217,F,"I:maj,V:maj,II:maj,VI:maj,"
218,C#,"bVI:maj7,bIII:maj,bIII:maj7,"
219,F,"I:maj(9),I:maj,II:min,I:maj F,VI:maj,IV:maj,II:min7 G,III:min,bIII:maj Eb,II:min7,V:maj,"
220,B,"I:maj,IV:maj,IV:7,I:7,"
221,E,"I:maj,V:maj A,bVII:maj A,I:maj B,I:maj D,bVI:maj G,IV:maj,I:min D,V:maj,I:min B,bVI:1 G,IV:maj E,bII:1 C,bII:1 E,IV:min,I:min,bII:dim,V:7,bVI:dim,bIII:maj7,bVI:1(b5,VI:maj,VII:1(b5,bIII:1(b5,#IV:maj7,IV:1(b5,"
222,E,"I:maj,IV:maj,IV:maj B,IV:maj(9),V:maj,VI:min7,"
223,E,"I:min,IV:min7,V:sus4,V:maj,V:sus4 B,bVI:maj D,bIII:maj,bIII:maj G,V:7,I:min E,bVI:maj,bIII:7,"
224,D,"I:maj,V:maj,VI:min,IV:maj7,II:min7,V:7,I:maj7,"
225,E,"I:min7,I:min9 E,IV:min7,#IV:1 A,"
226,G,"I:maj,VI:min,IV:maj,V:maj,bVII:maj,II:maj,II:min,bVI:maj,bII:maj,"
227,G,"I:min7,"
228,C,"I:maj(9),II:min,VI:min,IV:maj,V:maj,I:maj,V:7,"
229,C#,"bVI:maj7 B,bVI:maj B,bVI:maj,bVI:maj B,bVI:maj7,"
230,F,"I:maj,IV:maj,V:maj,VI:min,IV:min,V:7,"
231,Db,"I:maj,I:7,II:maj,II:min,II:hdim7,bVI:7,bII:maj,bIII:maj,bIII:min,bIII:hdim7,III:min,III:hdim7,"
232,G,"I:maj(9),II:min7,III:min7 E,II:min7 D,I:maj,VI:min,IV:maj(9) D,III:min7 D,IV:maj(9) G,III:min7 E,III:min7 E,IV:maj9,II:min9 D,IV:sus4(9) C,bVI:11,bII:maj(9),bIII:min7,IV:min7 F,IV:min7 F,IV:min7 F,#IV:maj9,bIII:min9 Eb,"
233,D,"V:7,I:maj,V:maj,bIII:maj G,bVII:maj A,V:7(#9),"
234,Ab,"I:maj,III:min7,II:min7,IV:maj,bVII:maj,bVII:maj7,V:min7,bIII:maj,bIII:min7,bII:maj,#IV:maj,"
235,F#,"IV:min,#IV:dim,IV:maj,bVI:maj,"
236,E,"I:maj,bIII:maj,bVI:maj,I:min7,IV:min,I:min,"
237,C,"I:maj,IV:maj,V:7,I:7,II:7,II:min7,IV:maj F#,I:maj G,"
238,G,"I:maj,IV:maj,IV:maj D,V:maj,"
239,F,"I:maj,I:1,I:maj F,I:maj7 F,VI:min9,IV:maj,IV:maj(9),V:7,I:sus4 F,VI:min7,V:maj,V:maj D,II:maj,II:sus4 G,VII:min7,V:maj(9),VI:maj,II:maj(9),"
240,Ab,"I:maj Eb,IV:maj(9),VI:min7 C,IV:maj Eb,III:min,II:min,V:maj,I:maj Bb,I:maj Db,II:min Eb,I:maj Db,IV:maj Eb,"
241,D,"I:maj,bVI:maj C,bVII:maj,bVI:maj,V:sus4,V:maj,IV:maj,"
242,Ab,"I:1,II:1,bVII:1,I:maj,II:min7,bVII:maj,II:min,"
243,E,"I:5,IV:5,IV:5 E,I:5 G,bIII:5,V:5,bVII:5,I:5 D,"
244,Bb,"I:maj,IV:maj,II:7,bIII:maj Ab,V:maj,IV:sus4 Eb,bVII:7,VI:7,II:min9,bVI:7,II:min7,III:sus4(b7) D,VI:min,IV:sus4,II:min7 Bb,V:7,"
245,E,"I:maj,IV:maj B,IV:maj,V:maj,I:7,I:maj E,V:maj A,"
246,Db,"I:7,IV:7,V:7,IV:7 Db,IV:maj,"
247,B,"IV:7,I:maj,IV:maj,IV:maj B,"
248,A,"I:1 E,II:1 D,I:maj E,II:min D,bVII:maj,IV:maj,"
249,Ab,"I:7(#9),"
250,E,"I:maj,I:maj A,IV:maj,bVII:maj A,V:7,bVII:maj,"
251,E,"I:maj,IV:maj,V:maj,"
252,G,"I:min C,V:7,IV:7,"
253,F,"II:7,I:maj,V:7,V:maj,bVII:maj Bb,bVII:maj,III:min7,VI:min7,II:maj,VI:maj,III:7,VII:7,#IV:maj F#,III:maj E,#IV:7,"
254,Bb,"I:1,IV:maj,V:maj,IV:min,I:7,VI:min7,bVI:maj,I:maj G,I:maj F,VI:min Ab,IV:maj Bb,II:7,bIII:dim C,I:maj F,I:maj,I:maj G,II:maj G,VII:min Bb,V:maj C,III:7,IV:dim D,II:maj,II:maj A,"
255,G,"I:maj,I:aug,I:maj6,V:7,II:min D,IV:maj,IV:aug,IV:maj6,IV:7,bVII:maj,bVII:min,bIII:maj,IV:maj G,"
256,D,"I:maj6,bVII:maj6,bVI:maj6,IV:min7,bII:maj7,IV:min9,V:min,I:maj,bIII:maj,bIII:5,bVII:maj,VI:min7,bVI:maj7,bII:maj9,V:min7,V:1,bVII:sus4(9) C,II:min E,II:min9,I:min D,I:min7,"
257,E,"I:maj,IV:maj,V:maj,V:7,IV:maj7,bVI:maj,bIII:maj,IV:min,I:min,bII:maj,I:maj E,"
258,D,"I:maj,IV:maj,IV:maj A,V:maj,IV:maj(9),V:sus4(b7) A,I:sus4 D,II:min11 E,V:sus4(b7),"
259,Ab,"I:7,IV:7,bVII:maj,I:maj,bIII:7,II:min,V:7,bIII:maj,"
260,Eb,"I:maj,"
261,A,"I:maj A,I:maj,IV:maj7 D,I:maj7,II:min7,V:sus4,V:7,I:7,IV:maj7,V:sus4(b7) E,V:sus4(b7,II:min,II:maj7,II:7,V:maj7,II:maj B,II:maj,V:maj7 E,"
262,A,"I:5,V:maj F,bIII:maj Bb,V:maj F,IV:maj B,I:min,IV:maj,IV:min,bVII:maj,V:min7,I:min7 E,bVI:maj C,IV:min A,II:maj E,I:maj,bII:maj,bIII:maj,V:min,bVI:maj,"
263,Bb,"II:min7,I:maj,I:7,IV:maj,VI:min,V:maj,bVII:maj(9),bVII:maj,bVI:maj,bIII:maj6,I:7(#9),IV:min7,bVII:7,V:min7,I:min7,bVII:sus4(b7),bII:maj(9),"
264,Db,"I:1,I:7,IV:7,V:7,"
265,D,"I:min,I:min7,VI:min,IV:11,IV:min11,bIII:maj(9),bVII:maj,"
266,F,"I:maj,I:maj C,IV:maj,VI:min,IV:maj C,V:maj,I:maj Bb,IV:maj F,II:min7 C,II:min7,V:sus4(b7),IV:maj C,I:1,V:sus4,"
267,C,"I:maj,V:7,IV:maj,III:7,VI:min,V:maj,I:7,II:7,"
268,F,"IV:maj7,VI:min,II:7,V:7,I:maj,IV:maj C,VI:min C,VI:min G,V:maj Bb,V:maj C,IV:maj,"
269,C,"IV:maj,I:maj,V:maj,IV:maj6,III:min,VI:min,bVII:maj7,"
270,Eb,"V:sus4(9),I:maj Ab,I:maj7 Ab,IV:maj Ab,IV:maj7 Ab,I:maj,IV:maj F,IV:maj7 Eb,IV:maj,"
271,F,"I:7,IV:7,"
272,C,"II:min E,V:maj,I:maj,bVI:maj,V:min7,IV:min7,VI:maj,"
273,Bb,"I:maj,VI:min7,IV:sus4(b7,V:sus4(b7,IV:maj(#11),V:sus4,VI:min,IV:maj,III:7,V:sus4 G,II:min Bb,VI:min F,V:sus4 D,VI:min F,"
274,A,"I:min,V:7,bII:min,bVI:7,II:min,"
275,A,"I:min(9),I:min,IV:min,bVI:maj,bVII:maj,V:7,I:maj,II:min,IV:maj,"
276,E,"I:1 A,I:1,I:7,V:7,I:maj,IV:maj,I:maj A,I:maj B,"
277,Eb,"I:maj7,VI:min,V:sus4(b7,IV:maj7,VI:min Bb,"
278,E,"I:maj,IV:maj,V:maj,IV:maj B,"
279,E,"I:maj,IV:maj,V:maj,"
280,F,"I:7,V:7,IV:maj,bIII:maj,"
281,F,"I:maj,VI:min,IV:maj,V:maj,II:maj,V:maj Db,bII:maj,bVII:min,bVI:7,#IV:maj,#IV:maj Ab,bVI:maj,bIII:maj,"
282,A,"I:maj,bVII:maj D,IV:maj,bIII:maj,V:maj,bVII:maj,II:min,II:min7,I:sus2(b7),bVI:maj7,V:7(b9),I:maj(9),"
283,Bb,"V:maj(9),IV:min6(#11),I:maj,IV:maj9(13,IV:sus4(b7,VI:min7,bVII:maj(9),II:sus4(b7),II:7,IV:maj6(9),bVII:maj Bb,VI:min7(11),V:sus4(9),bVII:maj6(9),IV:maj9,"
284,Db,"I:maj7,II:min7 Ab,II:min7 Ab,I:maj,I:7,IV:maj7,V:7,VI:min,II:min7,V:13,II:9,I:maj6(9),"
285,E,"I:maj,I:maj6(9),V:7,IV:maj G#,IV:maj,V:maj,bVII:maj,I:maj B,"
286,B,"I:5 F#,IV:sus2,bVII:9 E,I:5 E,I:maj F#,IV:9,I:maj,IV:maj,I:sus4,I:5,bVII:maj,bIII:maj,IV:maj7,bVII:9,"
287,Gb,"I:maj Fb,I:maj,I:maj Fb,bVI:maj B,bII:maj C,bIII:maj C#,IV:min E,"
288,G,"I:5,I:sus4,V:maj,I:maj,IV:maj,I:maj C,IV:7,V:7 N,I:7,V:maj N,V:1,"
289,C,"I:maj,I:7(#9),"
290,D,"I:maj,VI:min7,V:sus4(b7) A,V:sus4(b7),I:maj B,bVII:maj,bIII:maj C,IV:maj C,"
291,D,"VI:min7,VI:min11,II:min,VI:sus4,VI:maj,V:sus4,V:maj,IV:sus4,IV:maj,II:maj,II:maj F#,I:maj,I:sus4(b7),I:7,bVII:sus4(b7),bVII:7,bVI:sus4(b7),bVI:7,V:sus4(b7),V:7,"
292,Db,"I:7,IV:7,V:7,I:maj Gb,I:maj,IV:7 Gb,"
293,A,"I:maj,V:maj,IV:maj,I:5,V:5,IV:5,"
294,A,"I:maj,V:maj,IV:maj,IV:maj E,IV:maj G,I:7,II:sus4(b7),V:min,bVI:7,I:1 C,#IV:maj Ab,bII:7,#IV:maj Bb,VII:7,#IV:maj D,bVII:sus4 G,I:sus4(b7),bVI:min7,bII:maj,#IV:maj,bVI:maj,#IV:maj F,#IV:sus4(b7,bII:maj6,#IV:min6,#IV:min,"
295,E,"I:maj,V:maj,I:7,IV:maj A#,I:maj C#,I:maj A,I:maj A,IV:maj,V:min7 E,IV:7,bVII:maj D#,IV:maj F#,IV:maj D,"
296,A,"I:7,IV:7,V:min,bIII:maj,IV:maj,"
297,C,"I:maj F,V:maj,I:maj,IV:maj,II:min7,V:sus4(b7),I:maj G,VI:min7 G,II:min E,IV:maj7,V:7,"
298,Bb,"I:maj,I:maj7,bVII:maj6,VI:min,III:min,IV:maj,II:min,V:maj,IV:maj7,II:minmaj7,"
299,Ab,"I:maj,VI:min,IV:maj,V:maj Db,I:maj6,I:maj7,I:maj F,IV:maj Eb,I:maj7 F,IV:maj C,II:min,VII:hdim7,III:7,II:min7,V:7,I:7(b13),VI:7,III:min7,IV:maj7,"
300,E,"I:maj,IV:7,V:7,"
301,Eb,"I:min7,IV:min7,I:min7(b13),VI:min,bVI:maj,IV:min,V:maj,I:min,IV:7,IV:maj,"
302,D,"I:maj,I:7,IV:maj,V:maj,VI:min,VI:min(11),II:7,IV:maj A,"
303,C,"I:maj,V:7,IV:maj,III:7,VI:min,V:maj,I:7,II:7,"
304,C,"III:min D,IV:maj E,V:maj,I:maj E,IV:maj6(9),I:maj D,IV:maj G,II:min7,V:7,III:sus4(b7) E,VI:min,III:7,V:maj6,II:7,IV:maj,VI:min7,III:min7,V:sus4(b7),"
305,E,"I:maj,IV:maj,V:maj,V:7,I:7,IV:maj E,"
306,A,"I:1,I:1 A,V:maj,bVII:maj,bVII:maj F,bVI:maj,bIII:maj,IV:min7,I:maj A,I:maj E,bIII:maj C,bIII:maj6 C,V:min7,bVI:maj F,"
307,D,"I:5 A,IV:5 A,V:maj,I:maj,VI:min,IV:maj A,VI:min A,IV:5,VI:maj,"
308,C,"IV:maj(9) A,V:maj(9),I:maj,V:maj,IV:maj,V:maj(9) C,bVII:maj,V:maj N,V:maj C,"
309,F#,"IV:maj,bVII:maj B,"
310,Eb,"II:min9,V:sus4(b7,I:maj7,bVII:7 C,#IV:7(#11),IV:maj7,III:min7,II:min7,VI:min,bVII:7(#11),II:7,"
311,F,"I:1,I:7,V:7,I:7 F,IV:maj9 Bb,IV:7,V:7 Bb,"
312,E,"IV:maj,I:maj,bVII:maj9 C#,bVII:maj7(#11),bVII:maj7,"
313,E,"I:1,I:maj,IV:maj,IV:maj D,I:maj A,I:1 D,"
314,A,"I:maj,bVII:maj,IV:maj,IV:maj D,"
315,F#,"IV:maj B,IV:maj C#,bII:maj G,#IV:maj C,#IV:maj D,II:maj Ab,V:maj Db,V:maj Eb,"
316,C,"I:maj,IV:maj,V:maj,V:7,IV:maj G,"
317,B,"I:1,IV:sus4(b7,I:min A,bIII:maj A,bVI:maj7,bVII:maj6,I:min7,I:5,IV:min7 D,IV:min,IV:min7,"
318,D,"II:min A,I:maj G,IV:maj A,I:maj,I:maj B,IV:maj,V:maj A,V:maj,I:maj E,VI:min G,VI:min,bVII:maj,"
319,F#,
320,C,"I:maj,I:maj F,V:maj,"
321,A,"I:sus2,I:maj,IV:sus2,IV:maj,V:maj,II:min7,II:min,II:maj,I:sus4,IV:sus4,"
322,Db,"I:maj,V:7,I:7,IV:maj,II:min7 Ab,VII:dim Db,bVI:7,bII:maj,bII:7,#IV:maj,bIII:min7 A,VI:7,II:maj,II:7,V:maj,bII:dim Eb,"
323,D,"I:maj,II:min,V:sus4 A,I:maj D,IV:maj,V:sus4 A,V:7,IV:maj A,I:maj A,bVII:maj6,"
324,D,"I:min,V:min,IV:1,VI:5,IV:5 A,I:min7,I:min13,"
325,F,"I:maj C,IV:maj C,I:maj,IV:maj,bVII:maj,V:maj,VI:min,V:7,IV:7,bVII:maj Bb,IV:maj(9),I:maj13,III:maj,III:7(#9),bIII:maj,IV:maj7,bVII:sus4,I:maj F,"
326,Bb,"I:maj,V:sus4(b7),II:min7,IV:maj,VI:min7,II:7,V:maj,I:maj G,II:7 F,II:min Bb,IV:maj F,III:min,VI:min Eb,V:7,"
327,Eb,"I:maj,bVI:maj D,bVI:maj,bVII:maj,bIII:maj6 Ab,I:min11,IV:min11 Bb,IV:min11 Ab,I:min13,IV:min9,V:sus4 Bb,V:maj,bVI:maj Bb,IV:min7,V:11,I:maj9,bIII:maj Ab,IV:min,IV:min9 A,"
328,C,"I:maj,V:7,I:maj F,V:maj,IV:maj,bVII:maj,"
329,D,"I:min,bVI:maj,bVII:maj,bIII:maj,IV:maj,IV:min,"
330,F,"VI:1,II:1,IV:1,I:maj,II:min,IV:maj,bVII:maj,III:maj,VI:min,II:min C,V:maj,"
331,G,"bVII:maj,I:maj,I:maj F,I:maj A,I:maj F,"
332,F,"I:1,I:maj(9),II:min7,II:min,I:maj,II:min Bb,bVII:maj,IV:maj Bb,IV:7 Bb,IV:7 C,III:min7 Bb,IV:maj D,III:min7,IV:maj7,I:maj7,II:min C,VI:min6,VI:min7,VI:min(b13),bIII:min,bII:maj7,bIII:min7,bII:maj,IV:min7 Cb,#IV:maj Eb,IV:min7,#IV:maj,"
333,C,"IV:min,I:min,IV:min G,V:min C,bVI:maj,bVII:maj,V:min,I:maj,bVII:sus4(b7),"
334,Eb,"I:min7,IV:7,IV:7 Gb,I:min7 Ab,II:7,V:maj,"
335,C,"I:maj,II:min,IV:maj,IV:min,VI:min,V:maj,"
336,F,"I:maj A,VI:min F,IV:maj F,II:min7 C,I:maj,IV:maj7,II:min7,II:min7 A,V:11,II:min7 F,IV:maj7 F,"
337,F,"IV:maj,bIII:maj,V:7,I:min F,I:min7,I:min7 Bb,"
338,Eb,"I:maj,III:min,VII:maj A,bVI:min7 B,VII:maj,"
339,Db,"I:maj(9),V:7,V:maj,IV:maj6(9) Db,IV:maj6(9),V:maj Gb,V:maj6 Ab,IV:maj(9) Db,II:min7(11),V:maj6 Gb,I:sus4(9) Db,I:maj Ab,I:maj,IV:maj Db,IV:maj,V:maj Ab,V:maj6,IV:maj6,V:maj Ab,"
340,D,"I:7,I:min7,bVII:sus4,IV:7,V:7,I:7(#9),"
341,A,"I:maj,IV:maj,V:7,V:maj A,"
342,Eb,"I:maj,IV:maj,I:maj7,V:aug(b7),I:7,IV:maj7,V:maj,III:min7,VI:min,III:min7 G,VI:min F,II:9,II:maj,III:9,V:maj7,III:min7 C,VI:aug(b7),II:7,VI:maj,#IV:min7,VII:min,#IV:min7 A,VII:min G,VI:sus4(b7,"
343,A,"I:maj,V:maj,IV:maj,bVI:maj,bII:maj,VI:maj,"
344,Ab,"I:1,II:1,bVII:1,I:maj,II:min7,bVII:maj,II:min,"
345,F,"I:maj,IV:maj,V:maj,V:sus4,"
346,C,"VI:min,III:aug,II:7,II:min7,III:min7,II:maj9,V:11,I:maj,I:maj7,I:maj6,II:min,II:minmaj7,V:maj,bVII:maj,I:11,I:7,IV:maj7,V:7,VI:7,IV:maj,III:7,VI:minmaj7,II:7(#11),bVI:7,bII:maj,bII:maj7,bII:maj6,bIII:min,bIII:minmaj7,bIII:min7,bVI:maj,VII:maj,bVII:11,bVI:dim7,#IV:maj7,IV:7,bVII:min,bVII:minmaj7,bIII:9,IV:min7,bVI:11,bVII:sus4(b7),bVII:7,bVII:min7,IV:aug,bIII:7,bIII:min7 Ab,"
347,Db,"I:maj,II:min,I:sus4 Db,IV:maj7 Gb,V:sus4 Ab,I:maj Db,IV:maj7,II:min7 Ab,I:maj7,I:7 Db,II:min7,bVII:maj,IV:maj7 Db,V:maj,"
348,Bb,"I:maj,I:maj7,V:sus4(b7,IV:maj,IV:maj F,II:min7 F,IV:maj F,IV:maj F,V:maj,V:sus4(b7),V:maj F,I:maj F,"
349,D,"I:7,IV:7,V:7,V:7 D,"
350,C,"IV:maj7,II:min7,I:maj7,III:min7,IV:maj,I:7,V:maj,I:maj,VI:min,V:7,bVI:7,bII:maj7,bIII:min7,IV:min7,#IV:maj,bII:maj,"
351,E,"I:maj E,I:sus4(b7,I:maj D,IV:maj E,I:maj,"
352,Db,"V:7(b13),I:maj Gb,I:maj Ab,I:maj7,VI:dim Db,II:min7,V:maj Ab,bVI:7,III:7,VI:min7,II:7,V:7,I:maj,I:aug,IV:maj7,IV:maj6,bVII:9,I:maj9,III:min7 Bb,I:maj7 Gb,"
353,Bb,"bIII:dim F,I:maj,II:7,V:7 F,V:7,I:maj Bb,III:7,VI:maj,II:sus4(b7) B,V:7 Bb,I:maj F#,bII:maj,bII:maj F#,III:dim F#,bII:maj F#,"
354,D,"I:maj,II:min,II:dim7 G,I:maj F#,II:min G,I:maj B,V:maj D,V:7,V:maj,V:aug,II:dim G,"
355,E,"I:maj,IV:sus4 A,V:maj,IV:11,IV:maj,bVII:maj,V:min,I:sus4(b7) E,I:5(b7),bVII:maj7,IV:maj B,"
356,Eb,"I:maj,"
357,Eb,"V:sus4(9),I:maj Ab,I:maj7 Ab,IV:maj Ab,IV:maj7 Ab,I:maj,IV:maj F,IV:maj7 Eb,IV:maj,"
358,G,"VI:min9,V:maj7,IV:maj9,VI:min7,III:min C,VI:min7 B,II:min7 D,I:sus4(9) G,I:maj(9),I:maj(9) E,V:sus4 D,V:maj,bVII:maj9,II:7,VI:min7 D,VI:min7(11),II:9,III:7(b13),V:sus4(b7) D,"
359,G,"I:min,bIII:7 C,bVI:7 F,I:min C,"
360,B,"I:5,I:5(b7),bVI:maj,I:min,I:min B,bVI:maj7,IV:min7,"
361,A,"I:maj9,II:min7,II:min7 D,I:maj,bVII:maj,IV:maj,bII:1,bII:maj9,bIII:min7,#IV:maj,bIII:min,"
362,F#,"bVI:maj D,bVI:maj,bVII:maj,"
363,C,"I:min,bVI:maj,bVII:maj,I:min C,IV:min7,"
364,D,"I:7,V:7,IV:7 E,I:7 A,"
365,Ab,"I:maj,IV:maj,IV:maj Eb,IV:maj Ab,VI:min F,II:maj,V:maj,bVII:maj,II:min,"
366,E,"I:maj,I:min,bIII:maj,bVI:maj,IV:min,V:maj,I:7,I:maj6,IV:maj,"
367,D,"I:min9,bVII:maj6(9),bVI:maj9,V:sus4(b7,I:min,bVII:maj,V:min7,IV:min7,II:hdim7,V:7,I:sus4,IV:min9,I:maj,bVI:maj7,bII:maj9,bVII:min9,V:sus4,II:min,V:maj,bII:min9,bVI:min7,VI:maj9,#IV:min9,bVI:sus4(b7,bVI:maj,bII:sus4,bII:maj,"
368,C,"I:7,I:maj,II:min,II:min7,III:min7,IV:maj,V:maj,III:min D,"
369,C,"I:maj A,IV:maj,IV:maj G,I:maj,IV:maj F,II:min7 G,V:11 G,I:maj F,I:maj C,IV:maj F#,V:maj E,VI:7,II:maj B,V:maj A,V:maj A,II:maj D,V:maj G#,II:maj,V:maj,III:min,VI:11,II:maj D,II:maj G,"
370,E,"I:maj,IV:maj,V:maj,I:maj E,V:7,I:7,"
371,C,"I:min7,IV:maj,bVII:maj G,I:maj,bVII:maj7,V:min,"
372,Eb,"I:min11,I:min7,IV:min7 Bb,bVI:maj7,bVI:maj7 Db,II:hdim7,V:sus4(b7) Bb,I:maj9,I:sus4 Eb,bVI:9,V:7,I:min9,IV:min7,I:maj,"
373,Ab,"I:maj,VI:min,V:maj,IV:maj,IV:maj Eb,I:maj Eb,"
374,A,"IV:maj,III:maj,bIII:maj,II:maj,V:sus4(b7),I:maj,I:min7,II:min,bVII:maj D,bVII:maj,"
375,D,"V:1,V:min7,I:maj(#9),bVII:maj,V:maj(#9),VI:min,I:maj,V:maj,IV:maj,I:min7,"
376,Eb,"bVI:maj7(#11),bVII:11,I:min7,I:min11,I:min(b13),I:min6,I:maj9,bVI:maj,bVII:maj,V:sus4 Bb,IV:7,V:aug,V:sus4,V:maj,IV:min,bIII:maj(11),II:1(b5,V:5(b7),"
377,A,"I:maj,IV:7,I:maj F#,II:7 E,II:7,V:7,"
378,Bb,"I:sus4(b7,I:maj,bII:maj,#IV:maj,bII:sus4(b7,II:maj,VI:maj,V:maj,VII:min7,VI:maj(11),"
379,B,"I:maj,IV:maj B,IV:maj E,I:maj E,I:maj F#,I:7,bII:maj,bVI:maj C,#IV:maj C,"
380,B,"IV:maj B,I:maj,"
381,A,"IV:maj,I:maj E,IV:maj A,V:maj,I:maj,"
382,Db,"V:7(b13),I:maj Gb,I:maj Ab,I:maj7,VI:dim Db,II:min7,V:maj Ab,bVI:7,III:7,VI:min7,II:7,V:7,I:maj,I:aug,IV:maj7,IV:maj6,bVII:9,I:maj9,III:min7 Bb,I:maj7 Gb,"
383,G,"V:7,I:maj,I:7,IV:maj,II:7,V:maj,"
384,A,"I:maj,I:5,bVII:1,IV:1,I:1,bIII:maj G,bVI:maj G,V:5,bVII:5 D,bVII:5,IV:5,"
385,Eb,"V:maj,III:min,II:maj,I:maj,VI:maj,IV:maj,VII:min,bVII:maj,"
386,G,"I:maj6,I:maj,V:7,IV:maj,"
387,Eb,"I:maj,VI:min,IV:maj,V:maj,V:7,"
388,F,"I:maj,VI:min,IV:maj,VI:min Bb,V:maj,V:maj C#,VI:min C,"
389,F,"I:maj,IV:maj,II:min,III:7,III:min,VI:7,bVII:9,VII:7,bIII:min,bVI:7,V:7(11),bIII:dim,V:7,bIII:min7,"
390,D,"V:5(b7),VI:min,IV:maj,V:maj,IV:maj A,I:maj,V:11,"
391,G,"V:7,IV:7,I:maj,"
392,A,"IV:maj(9),I:maj(9),bIII:maj B,bII:maj7 A,IV:maj,V:maj,IV:maj7,bIII:maj7,II:min7,IV:maj9,"
393,D,"I:min,IV:maj,bVI:maj,bIII:maj,I:maj,V:maj,IV:maj F,"
394,G,"I:maj,IV:maj,V:maj,VI:min,I:maj G,"
395,Ab,"I:maj,IV:maj,bVII:maj,V:min Db,IV:maj7,#IV:dim,"
396,Bb,"I:maj6,V:maj,II:min,V:maj(9),III:min,VII:7,V:maj F#,VI:min7 C,II:7,V:7,II:minmaj7,II:min7,I:7(#11),"
397,Db,"I:maj,V:maj,IV:maj,I:maj6,IV:maj6,I:maj6(9),VI:min,V:7,"
398,C,"I:maj,VI:min,IV:maj,V:maj,III:min,I:7,IV:maj G,IV:maj Eb,IV:maj F,"
399,F,"V:min G,bVII:maj Bb,bVII:maj Bb,IV:sus4(b7) Bb,I:maj A,VI:maj,IV:maj D,II:min,IV:min,I:maj Eb,bIII:maj6 Bb,I:min G,I:min C,VI:min,V:min7(11),"
400,A,"I:maj G,IV:maj,IV:maj A,I:maj G,IV:maj B,bVII:maj D,bVII:maj A,I:maj,IV:maj G,"
401,Ab,"II:maj,I:1,I:7,I:9,bVII:maj,II:min,bIII:maj,IV:sus4(b7),bVII:sus2,"
402,C,"I:maj,IV:maj,VI:min7,V:maj,"
403,D,"I:min,I:min7,I:1,"
404,C#,
405,E,"I:maj,IV:maj,V:maj,I:7,V:7,"
406,F,"IV:maj7,VI:min,II:7,V:7,I:maj,IV:maj C,VI:min C,VI:min G,V:maj Bb,V:maj C,IV:maj,"
407,D,"VI:min,I:maj,IV:maj,V:7,V:maj,"
408,C,"VI:min,IV:maj,I:maj,V:maj,II:min,I:min,bVI:maj Bb,IV:min,V:min,bVII:maj,VI:maj,VII:min,II:maj,I:1,"
409,F,"I:maj,VI:min,IV:maj,VI:min Bb,V:maj,V:maj C#,VI:min C,"
410,C,"V:aug(b7),I:maj,V:maj,IV:maj,bVII:maj F,I:7,II:7,V:7,I:maj C,V:maj C,"
411,Db,"I:maj,VI:min,IV:min,V:maj,IV:maj,I:7,V:7,V:7(#9),V:maj6(b7) Ab,I:maj7,V:7(b9),I:maj13,"
412,B,"I:min,IV:min,bVI:maj7,IV:min6,"
413,E,"I:maj,IV:maj E,V:7,IV:maj,bVI:7,bII:maj,#IV:maj F,#IV:maj,"
414,A,"I:1,I:maj,II:min,II:dim,V:maj,bIII:maj,II:min7,"
415,B,"I:min7,bVI:maj(9),bVII:maj,bVI:maj(9) A,I:min,I:min7 A,"
416,Eb,"II:5 Gb,III:5 Ab,#IV:5 Bb,bVI:5 C,I:min,II:5,II:5 Gb,bVII:maj,II:maj,II:maj Eb,V:maj Eb,II:1 Gb,III:1 Ab,#IV:1 Bb,bVI:1 C,II:maj F#,III:maj G#,#IV:maj A#,bVI:maj C,IV:maj,IV:5 A,VI:maj,I:maj,IV:5,IV:7,"
417,A,"V:min,I:min,I:min7,"
418,E,"I:maj,IV:maj,V:maj,V:sus4(b7),"
419,A,"II:7,V:maj,I:maj,IV:maj D,II:min,V:7,IV:maj,"
420,G,"I:maj,VI:min,IV:maj,V:maj,"
421,Eb,"V:7,IV:maj,II:min,I:maj,I:7,VI:min,II:maj,V:9,V:maj,V:7(b9,"
422,Db,"I:maj Gb,IV:maj Db,III:min,VI:min,II:min F,V:sus4,IV:maj,III:min7 Bb,II:maj Ab,#IV:min,VII:min,III:min G,VI:11,V:maj Eb,"
423,D,"I:maj,VI:min,IV:maj,V:maj,"
424,B,"I:1 G,V:1 F,IV:1 D,I:maj B,I:min,I:min A,bVII:maj B,"
425,C,"I:maj,VI:min,IV:maj,V:maj,V:sus4 G,I:maj F,I:maj Ab,bII:maj,bVII:min,#IV:maj,bVI:maj,bII:maj Gb,bII:maj A,II:maj,VII:min,VI:maj,II:maj G,"
426,Eb,"I:7(#9),II:7,IV:7,bVII:7,V:7(#9),"
427,C,"II:min7,V:maj A,II:min7 G,I:maj,IV:maj6,III:7(b13),VI:min,bVII:maj,IV:maj,II:min,"
428,F,"I:maj,I:maj C,IV:maj,VI:min,IV:maj C,V:maj,I:maj Bb,IV:maj F,II:min7 C,II:min7,V:sus4(b7),IV:maj C,I:1,V:sus4,"
429,Eb,"III:1,bII:1,VII:1,I:min,bVII:maj,bVI:maj,"
430,F,"III:min7 D,II:min7 G,II:min7,bVII:maj,IV:maj7 A,I:maj7,VII:hdim7,III:7(b9),VI:maj7,III:7(b9,VI:min,#IV:dim(b13),IV:min9 Eb,III:min7,VI:7(b9,II:13,II:9,V:1,V:1 Db,IV:min7 Eb,bIII:min7 Ab,#IV:maj7 Bb,bVI:sus4(b7),"
431,B,"I:1,bVII:1,bVI:1,I:min,bVII:maj,bVI:maj,bIII:maj,bII:maj,I:maj,IV:min7,bVII:maj F#,I:min F#,bVII:maj(9),"
432,A,"I:1,"
433,Eb,"V:maj,I:maj,IV:maj Eb,V:7,II:maj Bb,IV:maj,II:maj Db,bIII:maj,#IV:maj,II:maj,V:maj F,VI:7,III:maj C,III:maj Eb,bVII:maj,bIII:maj Db,IV:7,I:maj Ab,"
434,C,"VI:min,III:aug,II:7,II:min7,III:min7,II:maj9,V:11,I:maj,I:maj7,I:maj6,II:min,II:minmaj7,V:maj,bVII:maj,I:11,I:7,IV:maj7,V:7,VI:7,IV:maj,III:7,VI:minmaj7,II:7(#11),bVI:7,bII:maj,bII:maj7,bII:maj6,bIII:min,bIII:minmaj7,bIII:min7,bVI:maj,VII:maj,bVII:11,bVI:dim7,#IV:maj7,IV:7,bVII:min,bVII:minmaj7,bIII:9,IV:min7,bVI:11,bVII:sus4(b7),bVII:7,bVII:min7,IV:aug,bIII:7,bIII:min7 Ab,"
435,D,"IV:maj(9) A,bIII:maj9 E,IV:maj(9) F#,II:min9 A,IV:maj A,I:maj D,IV:maj F#,II:min7 B,II:min A,II:min B,II:min7,V:sus4(b7,II:min7 D,bVI:maj6(7,"
436,G,"I:maj,I:7,IV:maj,V:maj,IV:maj G,V:7,"
437,Eb,"I:7(#9),V:7,IV:7,I:7,I:7 Bb,"
438,Ab,"I:min,IV:maj,V:7,bIII:maj,I:min G,V:maj,"
439,G,"I:maj,III:maj,IV:maj,II:maj,VI:min(9),VI:maj,I:maj D,IV:maj G,bVII:maj,V:maj,VI:min,"
440,D,"I:maj9,bIII:maj,bVII:sus4(b7,IV:min7 A,I:maj7,IV:maj7,VI:min7 E,V:min D,IV:maj7 C,V:sus4(b7,VI:min7,II:min7 F#,II:min7 A,"
441,C,"IV:maj,III:min A,II:1(11),I:1(11),bVII:5,I:5,bVII:maj,I:maj,II:min,V:maj,I:sus2,"
442,D,"I:maj,VI:min,II:min,I:maj7,"
443,C,"II:7,V:7,I:maj Eb,II:min7 G,I:maj7,VI:min,II:min7,VI:7(b9),II:min,VI:7,II:min(b13),V:min7,I:7,IV:maj7,III:7,III:min7,I:maj C,V:sus4(b7) G,"
444,F,"I:min,bVII:maj,bVI:maj,V:sus4,V:maj,I:min7,I:min6,I:min(b13),IV:min7,IV:min,V:7,IV:min F,bVI:maj D,"
445,G,"I:1,I:1 Bb,I:1 G,I:1 Bb,bIII:1,bVI:1,IV:min,"
446,Ab,"I:5,I:min,IV:sus2,bVI:1(3,II:min7,V:maj7,bVII:maj,V:min7,bIII:7(11),bVI:maj7,VII:7,III:maj,bVI:min7,VI:maj,#IV:min7 G,bIII:hdim7 E,bII:min,VII:min C,VI:maj7,#IV:7,#IV:hdim7 G,VII:maj,I:maj,II:min,V:maj,III:min,VI:min F,IV:maj Db,VII:maj G,I:maj Ab,II:maj,"
447,G,"I:maj,V:maj,IV:maj,III:7,II:maj,VI:min,II:7,V:sus4,"
448,A,"I:sus2,I:maj,IV:sus2,IV:maj,V:maj,II:min7,II:min,II:maj,I:sus4,IV:sus4,"
449,D,"V:maj,I:maj D,bVII:maj B,II:min E,II:min7 A,I:maj,VI:min,II:min,IV:min7 C,bIII:maj,I:maj D,"
450,B,"I:min7,bVI:maj(9),bVII:maj,bVI:maj(9) A,I:min,I:min7 A,"
451,B,"I:min,bVI:maj6,bVII:maj(9),bVI:maj A,IV:min9,I:min(11),bVI:maj,bVII:maj,I:min7,bIII:maj,"
452,C,"I:maj,IV:maj C,IV:maj,I:maj E,VI:min G,"
453,C,"IV:min9 Ab,bVII:maj Eb,I:min,IV:min9,bVII:maj,V:maj,IV:min,bVI:maj Eb,"
454,C,"I:maj,IV:maj C,IV:maj,I:maj E,VI:min G,"
455,D,"I:maj,IV:maj(9),IV:maj9,I:sus4,V:sus4(b7),V:maj,"
456,G,"I:maj,V:7,IV:maj,II:7,"
457,G,"I:maj G,VI:min9 E,IV:maj C,II:min7 A,I:5,II:min7,V:maj,IV:maj6(9),bVI:maj,IV:sus2 C,bIII:maj,bII:maj,IV:min(9),bVII:sus2(b7) F,bVI:maj C,I:min,V:min D,IV:sus4(9) C,bIII:maj7 Bb,bII:maj7,I:maj,"
458,F#,"IV:maj,bVI:maj,bII:maj,#IV:maj,bIII:maj,"
459,F,"I:1(b3),I:7,IV:7,V:7,"
460,G,"I:maj C,II:min7,V:maj(9),"
461,E,"I:maj B,I:maj,bVII:maj A,IV:maj(9),IV:maj,I:maj D,V:maj,bVII:maj,bVI:maj,"
462,D,"I:min7,bIII:maj,I:min,bVI:maj,IV:min7,bIII:7,"
463,Bb,"I:maj,IV:maj,I:maj F,I:maj F,VI:min,I:maj Bb,"
464,D,"I:maj,II:min,II:dim7 G,I:maj F#,II:min G,I:maj B,V:maj D,V:7,V:maj,V:aug,II:dim G,"
465,D,"I:maj,V:sus4(b7),VI:min7,IV:maj9,"
466,E,"IV:maj,I:maj,V:maj,IV:maj E,I:maj E,IV:maj C#,bVII:maj A,IV:maj7,bVII:maj7,"
467,Ab,"I:min Eb,I:min9,I:min6,I:min(b13),IV:min9 Ab,bVII:maj,IV:min7,II:min7 Eb,VII:maj7,#IV:maj9,VII:maj9 C,III:maj,V:min,IV:maj6,IV:sus4(b7),bVII:maj7,IV:min9,II:hdim7 Eb,IV:hdim7,bVI:min7,I:sus4(b7),II:sus4(b7),bII:9(13),"
468,F,"II:7,I:maj,V:7,V:maj,bVII:maj Bb,bVII:maj,III:min7,VI:min7,II:maj,VI:maj,III:7,VII:7,#IV:maj F#,III:maj E,#IV:7,"
469,G,"I:maj G,VI:min9 E,IV:maj C,II:min7 A,I:5,II:min7,V:maj,IV:maj6(9),bVI:maj,IV:sus2 C,bIII:maj,bII:maj,IV:min(9),bVII:sus2(b7) F,bVI:maj C,I:min,V:min D,IV:sus4(9) C,bIII:maj7 Bb,bII:maj7,I:maj,"
470,C,"I:maj,bIII:maj G,IV:5(b7),"
471,E,"I:1,I:maj(11),I:7(#9),I:maj(#9),"
472,D,"VI:maj E,V:maj E,VI:maj C#,VI:maj D,I:maj,I:maj D,IV:maj G,IV:7 G,I:maj C,bVII:7,bIII:maj,bVI:maj,IV:7,bVII:maj,VI:maj,V:maj,II:maj A,VI:sus4(b7),II:maj,"
473,D,"V:maj G,I:maj,V:maj D,IV:maj,IV:maj A,VI:maj A,II:maj,VI:maj E,V:maj,V:maj B,"
474,E,"V:aug,I:maj6 B,I:maj6 C#,I:maj7,IV:maj,V:maj,V:7,"
475,A,"I:min,bVI:9,I:min E,I:min9,"
476,A,"IV:maj,I:maj E,IV:maj A,V:maj,I:maj,"
477,Bb,"II:min9,V:13,I:maj Eb,I:maj,VI:7,II:7,II:min,V:7,II:min7,II:9,V:9,"
478,D,"I:maj,IV:maj,V:sus4(b7,I:maj B,IV:maj D,VI:min E,bII:maj C,#IV:maj Eb,bVII:min F,bVI:sus4(b7,bII:maj,"
479,E,"bVII:maj,IV:maj,I:maj,V:maj,bIII:maj,"
480,G,"I:maj13 D,I:maj13 Eb,III:sus4(b7,bIII:maj13 Ab,bVII:maj9,bVI:maj7(#11),I:maj7,IV:maj13,V:maj E,bVII:maj6 E,I:maj,bVII:maj,bIII:maj7,bVI:maj13,bVII:maj Bb,bVI:maj7 F,"
481,B,"I:min,IV:maj,bIII:maj,I:min7,I:5,bVII:5,IV:5,bVII:maj,I:min9,"
482,C,"IV:maj,IV:maj7 G,I:maj,II:min,VI:maj,II:min9,III:min7,I:sus4(b7) C,IV:maj9 D,I:7,II:sus4(b7) D,V:sus4(b7),V:7,"
483,C,"I:1,I:min,IV:maj,I:min7,I:5,V:maj,II:maj,I:maj,I:7,"
484,Gb,"V:aug,I:maj,V:maj,II:maj,V:maj Gb,VI:maj,II:maj Eb,V:maj Db,V:9,"
485,D,"I:min7 A,IV:min7 C,I:min7,V:min,bVI:maj9,V:sus4(b7,bVI:maj C,V:7(b9),bII:7 D,IV:min7,IV:min7 C,bIII:maj,"
486,D,"I:maj9,bIII:maj,bVII:sus4(b7,IV:min7 A,I:maj7,IV:maj7,VI:min7 E,V:min D,IV:maj7 C,V:sus4(b7,VI:min7,II:min7 F#,II:min7 A,"
487,G,"I:maj,I:sus4,V:7,VI:min,IV:maj,II:7,IV:maj(9),VI:min C,I:maj G,IV:maj C#,V:maj,V:sus4(b7),II:maj,V:maj(9),III:7,VI:7,VI:sus4(b7),"
488,A,"I:maj,V:7,I:maj C,IV:maj A,II:7,IV:7,I:7,IV:maj,IV:7 B,"
489,C,"I:min7 Bb,V:min7 F,bVI:maj7 G,IV:maj,IV:min7,I:min7 Bb,IV:min7 G,IV:min7 G,bVI:maj7,bVII:maj,bVI:hdim7,I:min7,"
490,E,"I:maj,IV:maj B,IV:maj,"
491,B,"I:maj,IV:maj,#IV:maj,bVI:maj,bVII:maj,I:min,bII:maj,"
492,Eb,"I:maj7,bIII:dim,II:min7 Bb,II:7,III:min7 C,II:min7 E,IV:maj7,III:sus4(b7) C,II:min7 Bb,I:7,III:sus4(b7) G,VI:min7 F,II:min7 Bb,bII:maj7,III:dim,bII:maj,bVI:7(b9),bII:maj9,"
493,A,"I:maj,I:maj A,II:min G,V:maj,V:maj A,IV:maj,"
494,Eb,"V:sus4(b7,IV:7(b9),I:maj6,II:min7,V:7,I:maj Eb,I:maj7 Eb,I:maj7,I:maj,IV:maj,V:maj,II:min7 Bb,I:maj Eb,II:min7 Eb,IV:maj9 Ab,IV:min(9) Ab,II:sus4(b7,V:7(b9),I:maj Eb,I:maj6 Eb,V:sus4(b7) Bb,"
495,Ab,"I:maj,V:maj,IV:maj,V:7,I:maj Db,"
496,D,"I:maj(9),II:maj,IV:maj,I:maj,VI:min,V:maj,"
497,B,"I:maj G#,I:maj E,I:maj,I:maj Eb,I:min E,bVII:maj,bVII:min D,bVI:maj,"
498,D,"I:maj,IV:maj,V:maj,II:min,"
499,G,"I:maj,VI:min,IV:maj,V:maj,"
500,Bb,"I:maj,V:7,II:min,I:7,IV:maj,II:maj,VI:7,III:min,II:7,V:maj,"
501,B,"I:maj,IV:maj,IV:7,I:7,"
502,D,"I:maj D,I:maj7 D,V:maj A,I:7,IV:maj,IV:min,I:maj,V:7,"
503,F,"I:min,I:7(#9),bVI:maj7,IV:min7 Ab,bVI:maj9 C,IV:min7 C,V:min7 D,I:min7,"
504,B,"I:maj9,IV:maj6(9),I:maj7,bIII:maj7 C,I:maj9 Bb,II:maj6(9),II:maj7,#IV:sus4(b7,III:maj7,bII:sus4(b7,#IV:maj7,I:aug,I:1,IV:1,"
505,G,"V:maj(9),IV:min7,bVI:maj,bVII:maj,I:min7,bVI:maj7,V:7,IV:min7 F,bIII:maj7 G,IV:min7 D,I:min,I:1,"
506,A,"I:1,I:maj,II:7,V:7,V:maj,I:maj N,IV:maj,V:maj N,I:maj6(9),"
507,D,"I:min,I:min C,V:min7,bVI:maj,bVI:maj7,bVII:maj,I:1,IV:min,IV:sus4(b7,"
508,B,"I:min,I:min7,"
509,D,"I:maj,VI:maj,IV:maj,VI:min,V:maj,II:min,II:maj,"
510,C,"I:maj,II:min7,IV:maj,IV:maj F,I:maj6,I:dim,V:7,VI:min,VII:7,III:7,VI:7,IV:min6,II:hdim7,I:7,II:min,III:min7,V:sus4(b7),IV:maj6,II:dim,"
511,D,"I:maj,V:sus4(b7) A,II:min,V:maj,V:sus4 A,II:min G,VI:min,"
512,Ab,"I:maj,V:7,II:min7 Eb,I:7,IV:maj,V:sus4 Eb,I:maj Db,"
513,C,"I:maj A,IV:maj G,VI:min,V:maj,IV:maj,"
514,E,"I:min,bIII:maj,IV:min,bVI:maj B,bVI:maj B,"
515,F,"I:maj,IV:maj,I:maj Bb,V:maj,VI:min,III:min Bb,II:min7,III:min D,IV:maj F,II:min7 F,IV:sus4 Bb,"
516,D,"I:5,bVI:5,IV:maj,I:maj,V:maj,II:min,I:7(#9),"
517,Eb,"I:min7,IV:min7,I:min7(b13),VI:min,bVI:maj,IV:min,V:maj,I:min,IV:7,IV:maj,"
518,A,"I:maj,IV:maj,V:maj,II:min7,II:maj7,bVII:maj,"
519,Ab,"I:maj,VI:min,V:7,"
520,D,"I:7,I:maj,I:maj B,II:7 A,II:7,V:7,IV:maj,"
521,E,"I:maj,I:maj D,bVII:maj A,bVII:maj,IV:maj,bII:maj(#11),bVI:maj D,I:min7,"
522,Db,"I:maj,V:maj,IV:maj,I:maj6,IV:maj6,I:maj6(9),VI:min,V:7,"
523,D,"V:maj,I:maj D,bVII:maj B,II:min E,II:min7 A,I:maj,VI:min,II:min,IV:min7 C,bIII:maj,I:maj D,"
524,C,"I:maj,I:1,II:min,V:maj,II:1 G,II:min G,"
525,Ab,"I:min Eb,I:min9,I:min6,I:min(b13),IV:min9 Ab,bVII:maj,IV:min7,II:min7 Eb,VII:maj7,#IV:maj9,VII:maj9 C,III:maj,V:min,IV:maj6,IV:sus4(b7),bVII:maj7,IV:min9,II:hdim7 Eb,IV:hdim7,bVI:min7,I:sus4(b7),II:sus4(b7),bII:9(13),"
526,Ab,"I:maj,V:maj,V:maj Ab,VI:min,III:min,IV:maj,II:min Eb,II:min Eb,"
527,C,"I:min,bIII:maj,V:min,bVII:maj,bVI:maj Bb,I:min Ab,I:min Eb,V:min Eb,V:min Bb,bVII:maj Eb,V:maj,I:sus4 C,V:sus4,I:sus4,IV:sus4 F,bIII:7,"
528,C,"I:maj,III:min7,VI:min,IV:maj,II:min,III:min,V:maj,bIII:maj,bVI:maj,"
529,Db,"V:7,I:maj,IV:maj,"
530,C,"IV:maj G,I:5 A,I:5 A,IV:maj G,I:maj A,IV:sus4(b7,I:maj,VI:min7,I:sus4(b7),I:sus4(b7,III:7,IV:maj,V:maj,IV:maj E,IV:maj G,"
531,D,"V:5(b7),VI:min,IV:maj,V:maj,IV:maj A,I:maj,V:11,"
532,A,"I:1,I:maj,IV:maj,V:sus4(b7,bVII:maj,V:min7,IV:1,V:1,"
533,C,"I:maj,IV:maj,IV:min,II:7,II:min G,III:min A,II:min,I:maj C,bIII:maj F,bVII:maj,II:maj,V:min,bIII:maj,I:min,"
534,F,"IV:maj7,VI:min,II:7,V:7,I:maj,IV:maj C,VI:min C,VI:min G,V:maj Bb,V:maj C,IV:maj,"
535,F#,"IV:maj B,IV:maj C#,bII:maj G,#IV:maj C,#IV:maj D,II:maj Ab,V:maj Db,V:maj Eb,"
536,Db,"IV:maj F,VI:min Ab,VI:maj,II:min7 Ab,I:maj,II:min7 Ab,II:min,"
537,E,"I:maj,IV:maj,V:maj,V:sus4(b7),"
538,A,"I:maj,IV:maj,V:maj,II:min7,I:maj C#,IV:maj E,II:maj7,bVII:maj,"
539,Bb,"V:7,I:maj,IV:maj,"
540,C,"I:maj,IV:maj,I:maj G,I:7 F,IV:maj G,I:maj A,II:min7 G,I:maj F,"
541,A,"I:maj F#,II:min7 E,I:maj D,I:maj A,I:maj F#,II:min E,IV:maj,I:maj,I:7,II:maj,II:7,V:7,II:min E,"
542,G,"IV:maj7 C,bVII:7(#11) F,I:maj7,V:7,I:maj,V:7 D,VI:min,III:maj,I:maj C,I:maj G,"
543,F,"I:1,I:maj(9),IV:maj(9),I:maj,III:min,III:min9,III:min9(b13),VI:min7,VI:min11,II:maj,IV:maj C,"
544,G,"V:7,I:7,IV:7,"
545,C,"I:maj F,I:maj,III:min,V:min6,VI:maj A,II:min,IV:maj,V:7,I:7,IV:min,IV:maj6,V:maj,VI:min,II:min7,bVI:maj6 G,"
546,G,"I:maj,V:maj,IV:maj,VI:min,II:maj,"
547,C#,"bVI:maj7,bIII:maj,bIII:maj7,"
548,F,"V:1,I:maj,I:maj7,VI:min,I:7,IV:maj,II:min7,V:7,III:min7,II:7,IV:min6,VI:7,"
549,G,"I:maj,V:maj6,IV:maj6,III:7,VI:min,IV:min7,II:min B,V:sus4(b7),V:7,"
550,A,"I:maj,IV:maj,IV:min,II:min7,V:maj,IV:maj E,IV:min6,I:maj A,"
551,G,"I:5,bVII:maj,bIII:maj F,I:maj,bIII:maj,IV:maj,bVI:maj,VI:min,I:5 F,"
552,F,"V:7,I:maj,IV:7,"
553,C,"VI:min7 G,I:maj7 F,I:maj C,IV:maj(9) F,VI:min G,I:maj D,I:maj,IV:maj,IV:maj C,V:sus4 G,IV:maj G,IV:maj A,V:sus4(9),III:min7 A,"
554,D,"I:maj7,V:11,VI:min7 E,V:maj9,V:sus4(b7,VI:11,"
555,G,"I:maj,I:7,V:7,I:maj C,I:maj G,IV:maj,IV:min,II:7,I:maj D,I:maj D,"
556,G,"I:maj A,III:min A,I:maj,VI:min,IV:maj G,bIII:dim A,III:min7 E,II:min7,I:maj(9),V:sus4(b7,III:min B,"
557,G,"I:maj,IV:maj,V:maj,bVII:maj,II:min B,II:min E,bVII:maj G,II:min,IV:maj G,VI:min,VI:min D,"
558,A,"I:maj,V:maj,IV:maj,I:maj E,V:sus4,I:7,"
559,Ab,"I:1,I:maj,bVII:maj,V:maj,V:maj Gb,IV:maj,bVII:5,bVII:5 G,I:maj Db,"
560,Bb,"I:min7,IV:min7,IV:min7 Db,bVII:sus4(b7) Ab,bVII:sus4(b7) F,IV:min7 Db,bII:maj7,bVI:maj7,V:7,"
561,A,"I:min,bVII:maj A,bVII:maj,bVI:maj G,"
562,C,"IV:min,#IV:maj,III:maj,I:maj,IV:maj,I:maj7,III:min7 A,II:min7 G,I:sus4 C,V:7,"
563,E,"I:maj,IV:maj,"
564,Ab,"I:maj,VI:min,IV:maj,V:maj Db,I:maj6,I:maj7,I:maj F,IV:maj Eb,I:maj7 F,IV:maj C,II:min,VII:hdim7,III:7,II:min7,V:7,I:7(b13),VI:7,III:min7,IV:maj7,"
565,D,"bVII:maj,I:maj,IV:maj,V:maj,II:5,"
566,E,"#IV:sus4(b7),V:sus4(b7),I:maj7,bII:maj7,bVII:min7,bIII:min7,bVI:sus4(b7),bII:min7,V:min7,"
567,Ab,"I:maj Eb,IV:maj,IV:maj Eb,VI:min Ab,II:min Db,V:maj,VI:min Db,I:maj,"
568,A,"V:7,I:maj A,I:maj A,I:maj A,IV:maj,I:maj E,I:maj A,I:maj,"
569,E,"I:1,IV:1,I:maj,IV:maj9,IV:maj9 C,bVI:maj7,bVII:sus4(b7,I:sus4(b7,IV:min7,V:min7,"
570,E,"I:min,bVI:maj7 B,I:min B,V:7,I:min B,I:min A,bIII:maj,#IV:maj6,bVI:maj,"
571,C,"I:maj,IV:maj,II:min,"
572,A,"I:maj,bIII:maj,V:maj,IV:maj,II:maj,II:sus4,I:1,V:1,"
573,D,"I:7,IV:maj,VI:min,V:maj,I:maj,VI:min A,VI:min G,"
574,C,"IV:maj7,I:maj7,VI:min7,II:min7,V:11,V:min7 C,III:min7,V:sus4(b7),III:min9,"
575,G,"I:maj(9),II:min7,III:min7 E,II:min7 D,I:maj,VI:min,IV:maj(9) D,III:min7 D,IV:maj(9) G,III:min7 E,III:min7 E,IV:maj9,II:min9 D,IV:sus4(9) C,bVI:11,bII:maj(9),bIII:min7,IV:min7 F,IV:min7 F,IV:min7 F,#IV:maj9,bIII:min9 Eb,"
576,F,"I:maj C,IV:maj C,I:maj C,IV:maj C,"
577,Bb,"V:11,I:maj,I:maj7,II:min7,V:7,IV:maj F,V:maj,IV:maj D,VI:min Bb,IV:maj Bb,II:7 F,II:min7 F,I:7,VI:min C,I:maj F,bVII:maj,I:maj G,"
578,Bb,"I:maj7,bVI:maj7,IV:min9,bVII:11 F,bVII:11,V:min7,IV:min7,I:sus4(b7) Bb,bII:maj7 Bb,V:11,"
579,A,"V:maj,IV:maj,II:maj,I:maj,"
580,E,"I:maj,IV:maj,IV:maj B,IV:maj(9),V:maj,VI:min7,"
581,E,"I:maj,I:7(#9),bIII:maj A,bIII:maj,IV:maj,bVII:maj,"
582,F,"I:maj C,IV:maj C,II:min7 Bb,I:maj F,bVII:maj C,I:maj,IV:min Eb,bIII:maj Db,IV:min C,I:maj A,IV:maj F,VI:7 G,V:maj,VI:min7 A,bVI:maj,"
583,B,"I:maj,IV:maj,IV:maj F#,bIII:maj,bVI:maj,IV:min,bVII:maj,"
584,D,"I:min,IV:maj,bIII:maj,IV:maj A,IV:sus4,bIII:sus4,IV:1,bIII:1,IV:5,bIII:5,IV:5 A,"
585,E,"I:maj B,I:maj,I:maj A,V:maj,IV:maj,"
586,Eb,"V:maj,III:min,II:maj,I:maj,VI:maj,IV:maj,VII:min,bVII:maj,"
587,A,"I:maj B,I:maj E,I:maj7 A,IV:maj E,I:maj,IV:maj,V:maj,I:maj D,"
588,C,"I:maj C,V:min F,I:maj Ab,V:maj F,I:maj,"
589,F,"I:maj,IV:maj,V:maj,VI:min,IV:min,V:7,"
590,A,"I:1,I:1 A,V:maj,bVII:maj,bVII:maj F,bVI:maj,bIII:maj,IV:min7,I:maj A,I:maj E,bIII:maj C,bIII:maj6 C,V:min7,bVI:maj F,"
591,D,"I:maj,V:maj G,IV:maj,V:maj,"
592,E,"I:7,IV:7,V:7,bVI:maj,I:7 E,IV:min,"
593,Bb,"IV:min,IV:min11,bVII:sus4(b7) F,I:min9 Ab,IV:sus4(b7,bVI:maj6(9) Eb,II:hdim7 F,IV:min11 Db,V:min7 Eb,II:hdim7 F,I:sus4(b7,bVI:maj9(#11),bVII:sus4(b7,I:min9,bVI:maj9 F,I:min7,IV:min7,bVI:maj9,"
594,Eb,"IV:13,I:13,"
595,F,"I:maj,I:sus4 F,I:maj Bb,V:sus4(b7,I:maj F,IV:sus2 C,V:maj,IV:maj,IV:maj F,III:min7,VI:min,II:min,V:sus4 C,V:sus4(b7),"
596,F#,"bVII:maj,IV:maj,bVI:maj,IV:min7,bIII:maj,bIII:5,"
597,F,"I:maj,V:maj,II:maj,VI:maj,"
598,C,"I:maj,V:maj,I:7,V:7,IV:7,I:maj C,I:1,bVI:maj,bII:maj,"
599,E,"V:sus4(b7,I:1 B,IV:5 B,V:maj,V:maj B,I:maj(9),"
600,E,"I:maj A,I:maj,#IV:maj F,bVI:maj F,#IV:maj C,bII:maj,#IV:maj G,bVI:maj,bVII:maj A,V:min,bIII:maj,"
601,G,"I:maj,II:min,V:maj,VI:min,II:maj,V:min,I:maj G,IV:maj,IV:min,I:maj F,VI:maj,"
602,A,"I:maj,IV:maj,V:7,V:maj A,"
603,B,"IV:7,I:maj,IV:maj,IV:maj B,"
604,Bb,"I:maj,V:7,IV:maj,I:7,I:maj Bb,II:7,II:maj,"
605,E,"I:1,bVI:7,bII:7,bVI:1,I:1 A,I:maj,"
606,Eb,"I:maj,III:min,VII:maj A,bVI:min7 B,VII:maj,"
607,C#,"bVI:maj7 B,bVI:maj B,bVI:maj,bVI:maj B,bVI:maj7,"
608,B,"I:min,bVI:maj7,bIII:maj,IV:5 F#,bVI:maj,bVII:maj,bII:maj,IV:5(b7),IV:maj,IV:5(b7) D,IV:5(b7) D,IV:5,IV:5(b7) G,bVI:5,bVI:5 Ab,bVI:7,#IV:5,#IV:maj,bVI:5 D,#IV:5 E,#IV:maj E,"
609,Ab,"I:maj,IV:maj,V:maj,"
610,C,"IV:maj(9) C,V:maj,IV:maj C,I:min,IV:maj E,VI:min G,V:7,V:sus4(b7),"
611,A,"I:min7,V:aug(b7) A,"
612,C,"IV:maj,IV:maj7 G,I:maj,II:min,VI:maj,II:min9,III:min7,I:sus4(b7) C,IV:maj9 D,I:7,II:sus4(b7) D,V:sus4(b7),V:7,"
613,A,"I:min7 G,bVI:maj9 G,bVI:maj9 G,bIII:maj,bVI:maj F,bVI:maj,bVII:maj F,bVII:maj,I:min,bVI:maj G,bVII:maj C,bVII:7,bIII:maj G,bVII:maj F,bIII:maj F,I:min G,"
614,Db,"V:sus4(b7),I:maj F,VI:7,IV:maj Ab,I:maj Ab,I:7,IV:7,I:7 F,VI:min7 Db,V:sus4(b7) Ab,I:7 Ab,VI:min7,II:7 Ab,"
615,D,"I:maj,IV:maj,V:maj,"
616,Eb,"I:min Gb,I:1,I:min,"
617,C,"I:maj,IV:7,I:7,bVII:maj C,IV:sus4 F,bVII:maj,bVII:maj F,I:maj(9),IV:maj,"
618,G,"V:min7,II:min7,VI:min7,V:sus4(b7,IV:maj7,III:min7,II:min7 B,V:min7 G,IV:maj9 B,II:min7 D,I:maj,V:min7 G,VI:sus4(b7,V:9,V:min7 Db,IV:maj7 B,II:min7 D,"
619,C,"IV:min,#IV:maj,III:maj,I:maj,IV:maj,I:maj7,III:min7 A,II:min7 G,I:sus4 C,V:7,"
620,D,"I:min,V:min,IV:maj,bIII:maj G,I:min7,V:min7,IV:7,"
621,Bb,"I:maj,IV:maj,I:1,IV:1,V:1,V:7,"
622,D,"I:maj,bVII:maj,IV:maj,II:min7,V:7,VI:min,bIII:maj,"
623,F,"I:maj,IV:maj,VI:min,V:sus4(b7),V:7,V:min,IV:maj F,II:min,I:min,bVII:maj Bb,bIII:maj,bVI:maj,II:min7,V:maj,"
624,E,"I:maj,V:maj,IV:maj,V:7,"
625,D,"I:5,bVII:5,V:5,bVII:5 D,bIII:5 G,bVI:5 A,I:5 C,bIII:5 C,bIII:5,bVII:5 Bb,V:maj,"
626,D,"I:maj,IV:maj,V:maj,VI:min,"
627,D,"I:maj6,bVII:maj6,bVI:maj6,IV:min7,bII:maj7,IV:min9,V:min,I:maj,bIII:maj,bIII:5,bVII:maj,VI:min7,bVI:maj7,bII:maj9,V:min7,V:1,bVII:sus4(9) C,II:min E,II:min9,I:min D,I:min7,"
628,D,"I:maj G,V:maj,I:maj,IV:maj6,V:sus4 A,IV:maj D,V:maj G,IV:maj,V:sus4,"
629,F,"I:maj,I:maj C,IV:maj,VI:min,IV:maj C,V:maj,I:maj Bb,IV:maj F,II:min7 C,II:min7,V:sus4(b7),IV:maj C,I:1,V:sus4,"
630,Bb,"I:min,bVI:maj,bVII:maj,I:1,bVI:1,bVII:1,bVII:sus4(b7,bVI:sus2 Gb,bVII:maj Ab,"
631,D,"I:maj,II:min,V:7,IV:maj,VI:min,V:sus4(b7),V:maj,I:7,"
632,E,"V:7,V:9 B,V:13 B,I:maj,I:7,IV:maj,V:maj,I:maj E,I:maj6,V:maj A,"
633,G,"I:maj,IV:maj,III:min,V:maj,II:min7,"
634,G,"I:maj,II:min,V:maj,IV:maj,"
635,C,"I:maj,V:maj G,V:maj,I:maj A,V:maj G,V:7 G,V:7 G,IV:maj,"
636,G,"V:7,I:maj,I:7,IV:maj,II:7,V:maj,"
637,Ab,"I:maj,IV:maj(9),I:maj F,IV:maj Ab,II:min7 Ab,IV:maj Eb,II:min7,V:7,II:7,V:sus4(b7),IV:min,I:maj Ab,VI:min7,II:sus4(b7) Bb,VI:min7 G,III:min7,VI:sus4(b7),VI:maj,II:maj6,V:maj,VI:sus4(b7,bII:min7,#IV:7,VII:maj7,bVI:maj Eb,III:maj B,II:min Ab,II:min,"
638,C,"I:maj E,IV:maj,I:maj A,II:min G,III:7,V:maj,I:maj F,I:maj,I:maj G,II:maj F#,II:maj B,III:min A,VI:maj,II:maj G,II:maj,"
639,Ab,"I:maj,V:maj,V:maj N,I:maj Ab,VI:min A,II:min,I:maj Db,IV:maj,I:maj F,II:min7 Eb,III:7,VI:min,II:7,V:7,bVII:13,VI:7,II:min7,V:9,I:maj7 Gb,I:maj7,"
640,A,"I:maj,IV:maj,V:maj,IV:1,"
641,G,"V:sus4(b7,I:maj,V:min7,IV:maj,VI:min,bVI:maj,V:11,"
642,F#,"bIII:maj,IV:maj,IV:min,"
643,E,"I:min,bVI:7,bVI:7 E,I:min7,I:min6,I:min(b13),IV:min,"
644,D,"VI:min,I:maj,IV:maj,V:maj,I:maj A,IV:maj D,II:min,VI:min A,IV:7,I:7,"
645,Eb,"II:min9,V:sus4(b7,I:maj7,bVII:7 C,#IV:7(#11),IV:maj7,III:min7,II:min7,VI:min,bVII:7(#11),II:7,"
646,Ab,"I:maj,IV:maj,bVII:maj,bVII:sus2,VI:min,II:min,V:maj,"
647,C,"I:maj,IV:maj,I:7,IV:7,VI:min,V:maj,"
648,Bb,"II:min11,V:maj,I:maj F,II:min7 F,I:maj D,IV:maj D,V:sus4(b7,II:min7 D,VI:min7 F,IV:maj F,IV:maj,II:7,V:sus4(9),IV:maj F,I:maj,"
649,E,"I:min,IV:min B,bVI:maj,bIII:maj7,bVII:maj C,I:min F#,bIII:maj,I:min D,"
650,D,"V:maj G,IV:maj,I:maj,IV:maj A,"
651,E,"I:maj,IV:maj G#,IV:maj G#,IV:maj,"
652,E,"V:maj,IV:maj,I:maj,I:1,"
653,Bb,"I:maj,III:7,VI:min,I:7,IV:maj,I:maj G,II:7,V:7,II:7 F,V:maj,III:min7,I:maj F,IV:maj Eb,"
654,E,"V:maj,I:maj,IV:maj,bVII:maj,bVII:maj A,IV:maj(9),IV:maj E,"
655,A,"V:7,I:maj A,I:maj A,I:maj A,IV:maj,I:maj E,I:maj A,I:maj,"
656,B,"I:min,bVI:maj,bVII:maj,I:min9,bVI:maj6,bVI:min6,I:min7,IV:9,bIII:maj,bVI:maj7,bVI:maj(9),"
657,A,"I:min7,IV:min7,bVI:maj,V:min7,V:7,"
658,B,"I:maj,IV:maj,"
659,D,"IV:5,I:5,V:5 G,I:min C,IV:5 F,I:min,bVII:maj D,"
660,C,"I:maj,VI:min,IV:maj,V:maj,I:1 G,VI:min A,II:maj,IV:maj D,I:maj G,VII:7,III:min,II:7 G,I:maj C,IV:maj(9),V:7,VI:7,II:7,bVII:dim A,"
661,C,"I:maj,IV:maj,VI:min G,IV:maj C,"
662,D,"I:maj9(13),bIII:maj9,V:maj9,I:maj B,II:min A,I:maj(9),I:maj,"
663,C,"I:maj,V:sus4(b7),VI:min,IV:maj,V:7,V:maj C,V:maj,II:maj G,II:maj,III:maj A,"
664,Bb,"I:maj Eb,I:maj,II:7,V:7,I:maj Eb,I:maj D,VI:min Bb,#IV:hdim7 F,V:maj,IV:maj,VI:maj,II:maj,II:7 F,"
665,C,"II:maj,III:min,I:maj,II:sus4,V:maj,VI:min7,VI:min,III:7,IV:maj,III:min7 E,"
666,E,"V:maj,I:maj,IV:maj C#,bVII:maj,IV:maj,V:maj B,I:maj(11) E,I:1,"
667,C,"I:maj,I:maj7,V:min7,IV:maj,IV:min,II:7,V:7,VI:min,II:min,V:maj,"
668,C#,"bVI:maj7,bIII:maj,bVII:sus4(b7),"
669,Bb,"V:1,I:1,I:maj,V:maj,IV:maj,II:min7,VI:min,V:maj7,V:sus4,III:min7,IV:maj(9),II:min,VI:min7,"
670,E,"V:sus4(b7),I:min A,I:min,IV:min7 D,bVI:maj,V:sus4(b7) B,I:min A,I:min7 A,"
671,Bb,"V:maj,VI:min7,II:maj6,VI:min7 C,V:maj6,#IV:7,II:7,VI:7,II:min7,IV:min7,I:maj D,II:13,I:maj Ab,II:sus4(b7) C,V:sus4(b7) F,I:maj G,IV:min7 Ab,bIII:maj6,II:7(b9),bVI:maj6,IV:7,bVII:min9,bII:min6,bVII:9 Ab,bVII:9,bVII:7,bVII:7 C,V:maj7,I:maj Ab,I:maj Db,#IV:maj6 Db,I:maj(9),"
672,C,"I:maj,II:min7,V:7,I:maj9,III:min7,II:min7 G,I:maj7,"
673,Ab,"I:min11,I:min7,V:min7 E,VI:hdim7 Db,IV:7,bVII:maj(9) Db,I:7,"
674,E,"I:maj C#,bVII:maj,I:maj,II:maj Eb,III:min7 Db,V:sus4(b7,"
675,B,"I:maj,IV:maj B,IV:maj E,I:maj E,I:maj F#,I:7,bII:maj,bVI:maj C,#IV:maj C,"
676,A,"I:maj(9),V:maj,I:sus2(b7),IV:maj6(9),IV:min9,I:maj,IV:min6,V:7,IV:maj6,II:min7,IV:maj,IV:min,"
677,G,"bVII:maj,I:maj,V:min7,IV:maj,bIII:maj,V:maj,"
678,Ab,"I:1,I:maj,I:maj Db,V:maj Ab,bVII:maj,IV:maj,V:maj,VI:min,bVII:maj Db,"
679,Ab,"I:maj,VI:min Db,V:maj,IV:maj(9),I:maj Eb,IV:maj,VI:min,II:min,IV:maj7,"
680,Ab,"V:maj Db,I:maj,I:7 Bb,IV:maj,IV:maj C,V:7,I:7,"
681,A,"I:maj,V:maj,IV:maj,II:maj,I:maj9,bVII:maj,"
682,Ab,"I:7(#9),"
683,A,"I:5,V:maj F,bIII:maj Bb,V:maj F,IV:maj B,I:min,IV:maj,IV:min,bVII:maj,V:min7,I:min7 E,bVI:maj C,IV:min A,II:maj E,I:maj,bII:maj,bIII:maj,V:min,bVI:maj,"
684,C,"I:maj,bVII:maj,IV:maj,V:maj,V:maj Ab,VI:maj,I:maj N,I:7,bVII:maj F,"
685,Eb,"V:1,III:1,IV:maj,III:min7,III:min7 C,VI:sus4(b7) C,IV:maj7,II:min7 G,VI:min,VI:min Db,V:sus4(b7) Bb,bIII:maj7,bVII:maj7,II:min7 Bb,V:sus4(b7),"
686,Db,"I:maj,I:7,IV:maj,V:7,"
687,C,"I:maj,VI:min,IV:maj,V:maj,III:min,I:7,IV:maj G,IV:maj Eb,IV:maj F,"
688,Eb,"I:maj Bb,VI:min G,II:min Bb,IV:maj,V:maj,IV:maj Eb,IV:maj Ab,I:maj Eb,IV:maj Bb,I:maj Eb,III:maj C,II:min,IV:maj Ab,IV:maj A,I:maj Ab,"
689,Ab,"V:maj,IV:maj,I:maj,VI:min,III:min,"
690,G,"I:maj E,I:maj,V:maj G,I:maj E,I:maj(9),V:maj C,VI:min,II:7,IV:maj,V:sus4 D,II:maj A,II:maj,III:maj,V:maj,VI:sus4 E,II:maj F#,"
691,C,"IV:min,IV:min6,VI:min7 D,VI:min7 D,VI:min7 D,V:maj7 C,II:min7 E,I:sus4 C,IV:maj7,VI:min7 E,III:min7 A,"
692,E,"I:1,I:9,I:7,bIII:9,#IV:9,V:7(#9),"
693,C,"I:min7,IV:maj,bVII:maj G,I:maj,bVII:maj7,V:min,"
694,E,"bVII:maj,V:maj,IV:maj,bIII:maj,I:maj A,V:7,IV:7,I:maj D,"
695,D,"I:5,I:maj B,V:maj,IV:maj D,II:min7 A,V:sus4(b7),I:maj(9),IV:maj6,II:min7,V:sus4(b7) A,I:maj,IV:maj(9),bVII:maj13,VI:min9,V:11,V:maj D,IV:maj13,VI:min7,II:min,V:7,VI:min11,"
696,D,"V:11,V:maj,I:maj9,IV:maj7,V:1,"
697,E,"I:7,bIII:maj,bII:maj,V:maj,I:maj,"
698,Bb,"I:sus4(b7,I:maj,bII:maj,#IV:maj,bII:sus4(b7,II:maj,VI:maj,V:maj,VII:min7,VI:maj(11),"
699,E,"I:7,IV:7,V:7,I:7 B,"
700,G,"I:maj,V:maj,IV:maj G,bIII:maj6,IV:maj,V:maj G,V:maj A,I:maj A,I:maj D,II:maj E,II:1 D,"
701,A,"I:min,bVII:min7,bVI:maj7,V:maj,V:7,IV:min E,IV:min7,"
702,B,"I:maj,IV:maj,IV:maj F#,bVII:maj,bIII:maj,IV:7,"
703,Db,"I:min7 Gb,II:min7,IV:maj Db,V:maj,V:maj Eb,I:7,V:min7,II:1,"
704,E,"I:maj,bVII:maj6,IV:maj,V:sus4,IV:sus4,"
705,A,"I:maj,V:maj A,I:maj G,V:maj,IV:maj A,IV:maj,bVII:maj D,I:maj D,I:maj E,II:maj,V:maj D,II:maj A,V:maj B,II:maj E,"
706,B,"I:min(9),IV:min(9),bVI:9,I:min,IV:min,IV:min E,bIII:maj,bVI:maj G,bVI:maj,IV:sus4(b7) E,bVII:maj A,bVII:maj7 F#,I:min E,bVII:maj A,I:min(11,IV:min(11,bVI:7(b13),bII:min(9),#IV:min(9),#IV:min,bVI:hdim7,#IV:min F,III:maj,bVI:sus4(b7) G,VI:7,bII:min,#IV:maj,bII:maj6(7),"
707,A,"I:maj,V:maj,IV:maj,II:min A,I:maj(9),V:7,"
708,A,"I:maj,I:7,IV:maj,V:maj,"
709,A,"V:7,I:maj D,I:maj E,I:maj,I:7,IV:maj,"
710,Bb,"V:sus4(b7,I:maj7,I:maj9,IV:maj6(7) F,IV:maj F,I:maj,bVI:maj,IV:maj7 F,I:maj7 D,I:maj D,"
711,D,"I:maj D,IV:maj,bVII:maj,I:maj,bIII:maj,bIII:maj C,V:5,IV:sus4 G,VI:min,II:min,I:sus4(b7),IV:maj C,"
712,Bb,"I:maj,I:maj D,III:min C,II:min,IV:maj F,III:min,VI:min,IV:maj,VI:maj,II:maj E,#IV:min D,V:maj G,II:maj,#IV:min,VII:min,V:maj,VI:maj Ab,bIII:maj F,V:min Eb,IV:min,bVI:maj Ab,"
713,A,"I:maj,V:maj,IV:maj,II:min7,I:maj D,"
714,Eb,"V:7,I:maj C,II:min7 Bb,I:maj,I:7,IV:maj,II:7,IV:maj Bb,I:maj Ab,III:maj,II:maj,"
715,A,"I:5,V:1(3),I:7,IV:maj,IV:min,I:maj,V:sus4,V:5,V:maj,V:7,I:maj7,I:maj A,V:sus4 E,"
716,C,"I:maj,V:maj,VI:min,IV:maj G,IV:maj,"
717,D,"I:min,IV:maj,bIII:maj,bVII:maj,IV:7,I:sus4(b7,bVI:maj,I:1,"
718,F,"I:min,I:maj,I:5,bVII:5,bVI:5,IV:5,I:min Eb,bVI:maj,IV:maj,V:maj,V:5,bIII:maj,bVII:maj,bIII:maj Gb,bIII:1 Eb,V:1,I:1,bVI:1,IV:1,V:1 Bb,"
719,C,"I:maj,V:maj,I:7,IV:maj,V:7,II:7,"
720,D,"I:maj,I:maj D,IV:maj,II:7,V:7,II:min7 A,I:maj G,V:sus4(b7,I:maj D,IV:maj A,II:min A,I:maj7,"
721,F,"I:maj,IV:maj(9) C,IV:maj7,I:maj(9) Bb,I:maj(9) Bb,I:maj(9),IV:min7(11) Ab,I:maj(9) B,bVI:maj9,I:maj(9) F,I:maj(9) A,VI:min Bb,bVII:maj7,VI:min9 Bb,bVII:maj9,IV:maj9,II:min9,VII:maj9,#IV:maj9,V:min9 F,IV:min9 Ab,bIII:min9 Gb,bII:maj9,I:min9 Bb,bVII:min9 Db,bVI:min9 B,I:min9,bVII:min9,bVI:min7,bVII:min7,"
722,A,"I:min7,V:min7,IV:min7,I:min9,"
723,Db,"I:dim,I:maj,IV:7,V:7,bII:maj,#IV:7,bVI:7,II:maj,VI:7,bIII:maj,bVII:7,"
724,C,"I:maj7 C,V:9 G,II:min6 D,II:min7,III:min7,V:sus4(b7,V:7,V:maj F,I:maj,IV:maj,IV:min6,"
725,B,"I:maj,bIII:maj,bIII:maj E,"
726,Bb,"I:maj,VI:min,IV:maj,V:maj,IV:maj F,I:maj Eb,I:maj F,bVII:maj,IV:min,V:7,IV:maj6,II:7,V:maj Eb,III:min C,"
727,C,"I:maj C,II:min(9) D,IV:maj7 F,I:maj,IV:maj,II:min,I:maj F,V:sus4(b7),I:maj C,II:min7,II:maj D,III:min7,V:maj7 G,II:maj G,"
728,A,"I:maj,IV:maj,V:maj,V:sus4,IV:maj A,"
729,E,"bVI:maj7,bVII:maj6,bVII:maj,I:min,I:maj,V:7,bVII:sus4 D,V:sus4(b7) B,IV:min,V:sus4(b7),"
730,C,"IV:maj7,II:min7,V:sus4(b7),I:maj,V:7,I:maj7,I:min7,I:7,II:maj,bII:maj7,"
731,C,"I:maj,IV:maj,II:min G,I:maj F,II:min7,IV:maj G,I:maj F,"
732,G,"I:maj,IV:min,IV:maj,I:maj D,VI:min,III:min,V:min7,bVI:maj,bIII:maj,#IV:maj,bVII:min7,VII:maj,bVI:min,V:maj,"
733,E,"I:maj,IV:maj,V:7,V:maj,IV:maj E,bVI:maj,"
734,Bb,"I:maj,IV:maj,V:7,I:maj F,V:7 Bb,"
735,D,"I:maj,IV:5,bIII:5,I:5,bVII:maj,I:min,bVI:maj,V:maj,bVI:maj C,"
736,C#,"bVI:maj7(#11),bVI:maj7,bIII:maj7 E,bVII:sus4(b7) B,bVII:maj,bVII:maj B,bVII:sus4(b7),bVII:maj6(b9),bVII:maj A,"
737,G,"V:11,I:maj7,VI:min7,III:min7,VI:min11,VI:min,IV:min,I:maj,IV:maj,III:min E,II:9,I:7 G,"
738,C,"I:maj,IV:maj,I:maj6,IV:maj(9),IV:maj6,V:maj,II:min7,VI:min,II:min,II:min E,I:maj G,VI:min E,IV:maj7 F,III:maj,IV:maj7,"
739,Ab,"I:maj,V:maj,V:maj Ab,VI:min,III:min,IV:maj,II:min Eb,II:min Eb,"
740,Eb,"IV:maj7,bVI:maj,VI:sus2,V:sus4(b7),bII:maj7,III:maj7,IV:sus4,VI:min,IV:maj,I:maj,V:maj G,VI:min Bb,I:maj F,III:sus4(b7),III:7,I:sus4 Eb,bVII:maj Ab,I:maj C,V:sus4 Bb,bVI:maj,bII:min7,#IV:7,VI:maj,"
741,C,"I:min11,I:min7,bVI:maj,bIII:maj Bb,I:min,bIII:maj,bVII:7,I:min7 F,bVII:maj,bVII:maj C,IV:min(9),bVII:sus4,I:maj,bVII:maj F,V:maj,IV:min7 Bb,"
742,Bb,"I:maj,IV:min,VI:min,II:maj,V:maj,IV:maj,II:min,III:min,"
743,A,"I:maj,bVII:maj,IV:maj,V:maj,"
744,F,"I:maj,VI:min,IV:maj,V:maj,II:maj,V:maj Db,bII:maj,bVII:min,bVI:7,#IV:maj,#IV:maj Ab,bVI:maj,bIII:maj,"
745,C,"V:aug(b7),I:maj,V:maj,IV:maj,bVII:maj F,I:7,II:7,V:7,I:maj C,V:maj C,"
746,D,"I:maj,IV:maj A,I:maj B,I:maj G,I:maj A,VI:min,IV:maj,V:maj,"
747,G,"I:7,bVII:7,"
748,F,"I:maj,IV:maj(9) C,IV:maj7,I:maj(9) Bb,I:maj(9) Bb,I:maj(9),IV:min7(11) Ab,I:maj(9) B,bVI:maj9,I:maj(9) F,I:maj(9) A,VI:min Bb,bVII:maj7,VI:min9 Bb,bVII:maj9,IV:maj9,II:min9,VII:maj9,#IV:maj9,V:min9 F,IV:min9 Ab,bIII:min9 Gb,bII:maj9,I:min9 Bb,bVII:min9 Db,bVI:min9 B,I:min9,bVII:min9,bVI:min7,bVII:min7,"
749,G,"VI:min9,V:maj7,IV:maj9,VI:min7,III:min C,VI:min7 B,II:min7 D,I:sus4(9) G,I:maj(9),I:maj(9) E,V:sus4 D,V:maj,bVII:maj9,II:7,VI:min7 D,VI:min7(11),II:9,III:7(b13),V:sus4(b7) D,"
750,Eb,"I:maj7,bIII:dim,II:min7 Bb,II:7,III:min7 C,II:min7 E,IV:maj7,III:sus4(b7) C,II:min7 Bb,I:7,III:sus4(b7) G,VI:min7 F,II:min7 Bb,bII:maj7,III:dim,bII:maj,bVI:7(b9),bII:maj9,"
751,Db,"I:maj Gb,IV:maj Db,III:min,VI:min,II:min F,V:sus4,IV:maj,III:min7 Bb,II:maj Ab,#IV:min,VII:min,III:min G,VI:11,V:maj Eb,"
752,A,"I:min,IV:min,V:7,"
753,D,"I:maj,V:maj,I:7,IV:maj,II:7,IV:7,V:7,I:maj6(9),"
754,E,"V:maj,IV:maj,I:maj,I:1,"
755,F,"I:maj,I:sus2 Bb,V:maj,IV:maj,IV:maj C,V:maj F,II:min7 Bb,"
756,E,"I:1,IV:1,I:1 G,"
757,Bb,"V:maj F,I:maj,V:7,IV:maj,I:maj F,III:min,I:maj F,I:maj Bb,I:maj Bb,VI:min,V:maj Bb,"
758,G,"bVII:min,bVI:maj,I:maj,"
759,G,"I:5,I:7,IV:7,V:7,I:7 D,I:7 Bb,bII:7 G,"
760,Eb,"V:maj,I:7,"
761,B,"I:maj,IV:sus4(b7,IV:maj7,"
762,F,"I:maj Bb,I:maj,IV:maj,IV:maj Eb,V:7,"
763,F,"I:maj7,IV:maj6,IV:maj7,III:min7,VI:min7 A,II:maj,VI:maj,V:maj6(9),II:maj(9),III:sus4(9),IV:maj,V:maj(9),V:sus4(b7),I:maj,"
764,E,"IV:maj,I:maj7,V:9,I:maj,V:7,I:7,"
765,Db,"I:maj Gb,IV:maj Db,III:min,VI:min,II:min F,V:sus4,IV:maj,III:min7 Bb,II:maj Ab,#IV:min,VII:min,III:min G,VI:11,V:maj Eb,"
766,Eb,"III:min7 G,VI:min7,II:9(#11),IV:maj7 A,V:sus4(b7) Bb,II:7(#11),II:min7 E,II:min6 F,III:min,II:min11,II:7 B,I:maj7,IV:maj7,IV:maj7 A,I:maj7(#5) Eb,bIII:maj7,VI:7,II:min7,IV:7,V:dim Bb,VI:min,I:7,II:9,I:maj,II:min,I:maj7(#11),bVII:maj7,"
767,G,"I:maj,IV:maj,V:maj,IV:maj G,IV:maj(9),bVII:maj C,"
768,E,"I:maj,IV:maj,"
769,D,"I:min,bVII:7,bVI:7,V:7,bVII:maj,bVI:maj,bIII:maj,bIII:maj7,I:min7,bVII:maj(9),bVI:maj(9),IV:min,"
770,F,"I:maj Bb,I:maj,IV:maj,IV:maj Eb,V:7,"
771,E,"I:maj,I:maj6,V:min7,V:maj,IV:maj,"
772,G,"I:7,IV:7,V:7,"
773,F,"I:sus4 F,IV:maj,VI:min,IV:maj7,III:min,I:maj(9),V:maj,II:maj,I:maj,IV:maj C,bVII:11,II:sus4 G,"
774,D,"I:maj7 G,I:maj7 G,I:maj7,I:maj6 D,VI:min7 F#,IV:maj7,VI:min7 E,II:min7 F#,bII:maj,IV:min7,#IV:maj6,bIII:maj6(9),bVII:maj9 E,bIII:maj7 C,II:sus4 E,II:min9 A,I:maj9 A,I:maj6(9) A,VI:min9 F#,V:maj6 B,II:min7 A,V:min7 B,VI:7,II:min9 F#,IV:maj9 A,IV:maj7 F#,"
775,Bb,"bIII:dim F,I:maj,II:7,V:7 F,V:7,I:maj Bb,III:7,VI:maj,II:sus4(b7) B,V:7 Bb,I:maj F#,bII:maj,bII:maj F#,III:dim F#,bII:maj F#,"
776,E,"I:maj,IV:maj,bVII:maj B,"
777,Eb,"I:1 Bb,I:7,I:7 Bb,IV:7,V:7,II:7,"
778,C,"I:maj,IV:maj,V:maj,"
779,A,"I:maj,bVII:maj,IV:maj,V:maj,IV:maj E,"
780,Bb,"V:7,II:min,I:maj,V:9,I:maj7,VI:min,IV:maj,III:min,VI:7,"
781,B,"I:maj,IV:maj,"
782,F,"I:maj,I:7,bVII:maj,IV:maj,V:maj,IV:maj C,III:min,II:sus2,II:maj,VI:min7,VI:min,V:maj F,VII:min,"
783,A,"IV:maj,I:maj,V:7,II:7,bVI:maj,bII:maj,#IV:maj,bVI:7,bIII:7,"
784,G,"V:sus4(b7),I:maj C,I:maj,bVII:maj,IV:maj,V:maj,III:min,VI:min,V:min11,"
785,C,"I:maj,I:5,IV:5,V:maj,VI:min,IV:maj,IV:maj6 G,"
786,Db,"I:maj(9),VI:min11,IV:maj6(9),V:sus4(b7),IV:maj13,II:sus4(b7) Ab,II:min7,III:min11,VI:min9,II:min9,V:sus4(b7,II:sus4(b7) Ab,I:maj,III:min7,III:min7 Bb,bVI:sus4(b7) A,bVI:sus4(b7),bII:maj(9),bVII:min11,#IV:maj6(9),bIII:min7 A,bIII:min7 A,"
787,E,"I:maj G#,I:maj,IV:maj,V:7,V:maj,V:9,V:min7,bVII:maj,V:sus4 B,"
788,C,"I:min,V:maj,bVI:maj Bb,V:sus4(b7) G,I:min C,IV:maj6,V:7,V:7 C,"
789,D,"I:5(b7),I:1,I:min7,I:min6,bVI:maj,I:min,bVII:sus4,IV:7,"
790,Eb,"II:9 B,V:7 Bb,I:maj,IV:7 A,I:7,IV:7,II:min7 B,V:7,I:maj Ab,II:min7,I:maj Bb,IV:maj,II:sus4(b7) Bb,I:maj Bb,I:maj6,"
791,D,"I:maj,V:maj,I:7,IV:maj,II:7,IV:7,V:7,I:maj6(9),"
792,A,"I:maj,IV:maj,V:maj,II:min7,I:maj C#,IV:maj E,II:maj7,bVII:maj,"
793,G,"I:maj,VI:min,IV:maj,V:maj,IV:min7,I:7,II:maj,V:7,"
794,Cb,"III:sus2,II:maj(9),III:min(9),I:maj Gb,V:maj,I:maj,V:maj Eb,"
795,B,"I:maj,IV:maj,"
796,A,"IV:maj,I:maj,V:maj,II:min A,"
797,Ab,"I:maj,III:min7,II:min7,IV:maj,bVII:maj,bVII:maj7,V:min7,bIII:maj,bIII:min7,bII:maj,#IV:maj,"
798,Db,"bVII:maj,I:maj,V:maj,II:maj,VI:maj,"
799,E,"I:maj C#,I:maj F,I:maj,I:maj7 C#,I:7,IV:maj B,I:maj7,I:maj7 E,V:7 B,"
800,E,"I:maj,IV:maj,bVII:maj B,"
801,F,"IV:maj7,III:min7,VI:9,II:min7,III:min7 Bb,II:9,I:maj,I:maj A,IV:maj7 C,I:maj F,I:maj A,"
802,C,"V:sus4(b7,bVI:maj9,bVII:maj,I:maj7,I:maj,V:maj,I:7,IV:maj7,III:min7,II:7,"
803,A,"V:7,I:maj A,I:maj A,I:maj A,IV:maj,I:maj E,I:maj A,I:maj,"
804,B,"I:min7,bVI:maj7,IV:sus2(b7),I:min,bVII:sus4,IV:min7,bIII:maj,I:1,bVII:1,bVI:1,IV:1,"
805,D,"I:7,I:sus4(b7),IV:7,bVII:7,I:maj,"
806,D,"I:5,II:maj,II:1(b3,IV:maj,IV:maj D,I:maj,I:1,I:5(b7),"
807,C,"II:5 Bb,IV:5 Ab,bVI:9,I:5,I:1 F,V:1 C,IV:5,IV:7,I:min7,bVII:1,bIII:1,IV:1,bIII:5,III:5,#IV:5,V:5,bVI:5,VI:5,bVII:5,VII:5,"
808,Ab,"I:maj,IV:maj,VI:min,IV:maj Db,I:maj Ab,bVII:maj,V:maj,IV:maj7,III:min,II:min,"
809,D,"I:1,I:5 D,I:min11,V:min Bb,bVII:maj Bb,bVII:maj,IV:min,bIII:sus2 F,bIII:maj,bIII:maj D,I:min C,bVI:maj C,bVI:maj,I:min7,V:min,V:min(9),"
810,E,"I:min7,IV:13,bVII:maj7,bIII:maj7,V:min7,I:7,I:min,IV:7,"
811,G,"I:maj,III:min,IV:maj,V:maj,VI:min D,VI:min C,IV:maj B,II:min C,"
812,Ab,"I:maj,IV:maj,VI:min7 Ab,II:min7 Eb,I:maj Eb,IV:maj Db,I:maj Db,VI:min7 C,"
813,G,"I:maj,V:maj,II:min,VI:min7,"
814,F,"I:min7,bVI:maj,I:min,I:minmaj7 F,V:7,bIII:maj,I:maj,VI:min,IV:maj,V:maj,"
815,Ab,"IV:minmaj7,I:maj,IV:min,I:min Eb,IV:sus4 Db,VI:7,II:maj,V:7,bII:dim,VII:min,V:7(b13),I:min,IV:maj,VI:min,IV:7,VII:maj C,bVI:7,bII:maj,"
816,G,"VI:min9,V:maj7,IV:maj9,VI:min7,III:min C,VI:min7 B,II:min7 D,I:sus4(9) G,I:maj(9),I:maj(9) E,V:sus4 D,V:maj,bVII:maj9,II:7,VI:min7 D,VI:min7(11),II:9,III:7(b13),V:sus4(b7) D,"
817,F,"I:1,I:maj(9),II:min7,II:min,I:maj,II:min Bb,bVII:maj,IV:maj Bb,IV:7 Bb,IV:7 C,III:min7 Bb,IV:maj D,III:min7,IV:maj7,I:maj7,II:min C,VI:min6,VI:min7,VI:min(b13),bIII:min,bII:maj7,bIII:min7,bII:maj,IV:min7 Cb,#IV:maj Eb,IV:min7,#IV:maj,"
818,G,"I:maj G,I:maj D,IV:maj(9),II:min7,I:maj(9),V:sus4(b7,I:maj G,IV:maj,IV:maj A,V:min11,VI:min7 D,IV:maj9(#11),IV:maj9 D,IV:maj(9) C,IV:maj D,bII:maj Ab,#IV:maj,#IV:maj Bb,bVI:min11,bII:maj Eb,bVII:min7 Eb,#IV:maj(9) Db,#IV:maj(9),"
819,F,"I:maj D,II:min C,I:maj,IV:maj C,I:maj F,I:maj F,II:7,V:maj,IV:maj,IV:maj Bb,"
820,Bb,"I:min,I:sus4(b7),bVI:maj7,V:sus4(b7) F,bVI:maj,bIII:maj,IV:sus4(b7) Eb,IV:min,I:maj,bII:dim,I:1,"
821,Ab,"V:7,IV:7,I:7,III:min,VI:min,IV:7 Eb,I:13,"
822,Db,"I:maj,V:7,I:7,IV:maj,V:maj,"
823,Eb,"I:maj C,bVI:7 Bb,I:maj Eb,I:7,IV:maj,IV:min Db,I:maj Eb,VI:min7 Eb,IV:maj F,II:min7 Bb,I:maj Eb,bVII:7,I:maj Ab,II:7,II:min7,V:7,I:maj,I:maj Ab,IV:min,V:13,I:maj9,"
824,A,"IV:maj(9) E,I:maj,IV:maj(9) F,IV:maj(9) E,IV:maj E,IV:maj F,IV:maj7,II:maj,bVII:maj7(#9) E,I:minmaj7 A,bVII:7,II:7,bVII:maj7 G,I:maj7,IV:maj,"
825,Ab,"I:sus2,I:maj,I:7,VI:min,II:hdim7,V:maj,bVII:maj,IV:maj,II:min7,III:min7,V:sus4(b7,V:sus4(b7),"
826,D,"I:maj,I:maj B,I:maj A,II:min G,V:maj,I:maj G,IV:maj,IV:maj D,"
827,F,"I:min,I:maj,I:5,bVII:5,bVI:5,IV:5,I:min Eb,bVI:maj,IV:maj,V:maj,V:5,bIII:maj,bVII:maj,bIII:maj Gb,bIII:1 Eb,V:1,I:1,bVI:1,IV:1,V:1 Bb,"
828,E,"I:maj,IV:maj,V:sus4(b7),V:7,I:maj7 E,V:maj,V:maj A,V:sus4,IV:maj(9),"
829,C,"I:maj,VI:min,IV:maj,V:maj,II:maj,"
830,G,"I:min,I:min C,V:7,I:maj,VI:min,IV:maj,bII:maj,bVII:min,#IV:maj,bVI:7,bII:min Db,II:maj,V:maj,VI:7,bIII:maj,bVI:maj,bVII:7,"
831,C,"I:maj,II:min7,"
832,G,"I:maj,I:7 G,V:sus4(b7),V:min7 D,V:maj,V:7(#9),VI:min,III:maj,II:min,bVII:maj,II:maj,IV:maj,"
833,Eb,"I:maj,IV:maj,I:maj7,V:aug(b7),I:7,IV:maj7,V:maj,III:min7,VI:min,III:min7 G,VI:min F,II:9,II:maj,III:9,V:maj7,III:min7 C,VI:aug(b7),II:7,VI:maj,#IV:min7,VII:min,#IV:min7 A,VII:min G,VI:sus4(b7,"
834,Gb,"I:maj Ab,V:maj,I:maj,II:7,II:7 Eb,V:maj Eb,I:maj F,VI:min7,VI:min7 F,bII:maj A,bVI:maj,bII:maj,bIII:7,bIII:7 E,bVI:maj E,bII:maj F#,bVII:min7,bVII:min7 F#,bVI:maj D,bII:maj A,"
835,D,"I:maj,bIII:maj,bVI:7,IV:min,bVII:maj,bVI:maj,IV:min7,IV:maj A,"
836,E,"I:maj6,IV:maj7,IV:maj,V:maj,I:maj,"
837,D,"bVII:sus2,I:5,bIII:maj,I:5 C,I:5 F,I:5 C,I:min,I:min C,bVI:maj C,bII:maj(9) F,bVII:sus4(b7,bII:9,bVII:maj,bVI:maj,V:min,bVI:sus4(b7,"
838,C,"III:min D,I:maj,II:min,V:maj,VI:min,I:maj Bb,"
839,E,"I:maj,I:7,IV:7,V:7,I:maj N,I:maj A,I:maj B,"
840,D,"I:min,I:min7,I:1,"
841,A,"I:min,bVI:maj7 E,bVI:maj,bIII:maj,bVII:maj,IV:min(9),bIII:min(9),II:7(b9,bVII:7,II:maj,"
842,G,"I:maj,VI:min,IV:maj,V:maj,III:min,II:min7,"
843,Ab,"I:maj,IV:maj,VII:hdim7 C,VI:min,III:7,VI:min C,II:min7,V:7,VII:hdim7,III:min7,V:11,V:maj,I:7,I:maj7,bVII:maj Db,IV:maj7 C,bVII:maj(9),bVII:7,VI:min7,"
844,C,"I:maj,VI:min,IV:maj7,V:maj,III:min G,bVII:maj A,bVI:maj G,IV:maj E,II:min7 D,"
845,G,"I:maj G,I:maj E,III:min7,IV:maj G,II:min7 G,V:maj,VI:min A,IV:sus2(#11),VI:maj,V:maj6(9),IV:maj D,I:maj D,IV:maj B,V:maj D,III:min D,II:min A,"
846,Bb,"I:maj,I:maj7,V:sus4(b7,IV:maj,IV:maj F,II:min7 F,IV:maj F,IV:maj F,V:maj,V:sus4(b7),V:maj F,I:maj F,"
847,E,"I:maj F#,bVI:maj,bVII:maj,I:maj,V:min,"
848,C,"I:maj,IV:maj,V:maj,V:7,III:maj,VI:min,III:min,II:7,"
849,Bb,"I:5,I:maj,bVII:maj,IV:maj,V:maj,V:maj6,V:9,III:min7,III:min7 Db,II:min7,V:7,VI:min7,VI:min7 F,bVII:maj Eb,V:sus4(b7),"
850,Eb,"I:maj,IV:maj,I:maj7,V:aug(b7),I:7,IV:maj7,V:maj,III:min7,VI:min,III:min7 G,VI:min F,II:9,II:maj,III:9,V:maj7,III:min7 C,VI:aug(b7),II:7,VI:maj,#IV:min7,VII:min,#IV:min7 A,VII:min G,VI:sus4(b7,"
851,A,"II:min,II:min B,bVII:maj,bVII:maj G,V:maj,I:maj A,I:maj6 A,I:maj,IV:maj G,I:7,I:maj6,"
852,Ab,"IV:maj,I:maj,VI:min,II:min,V:7,V:maj,I:7,IV:maj Eb,bVI:7,bII:maj,#IV:maj,bIII:min,bII:7,#IV:maj E,"
853,G,"IV:maj,VI:min,V:maj,I:maj,VI:maj,I:maj D,II:maj,III:7,V:maj A,VI:maj D,VI:maj A,"
854,C,"IV:7,I:7,II:7,V:7,"
855,G,"I:maj,IV:maj,II:min7 D,I:maj C,I:maj D,I:maj F,IV:maj D,VI:7,II:7,V:7,I:maj D,I:maj E,"
856,B,"I:maj,IV:maj,I:1,bVII:maj,I:maj B,bVII:maj A,IV:maj E,"
857,C,"IV:maj,IV:maj7 G,I:maj,II:min,VI:maj,II:min9,III:min7,I:sus4(b7) C,IV:maj9 D,I:7,II:sus4(b7) D,V:sus4(b7),V:7,"
858,F,"IV:maj7,II:min7,V:maj,I:maj,II:min,VII:dim,III:7,VI:min,I:aug,I:maj6,VI:minmaj7,VI:min7,VI:min D,II:7,V:7,IV:maj,III:min Bb,V:maj C,"
859,C,"I:1,I:min7,I:min,bVII:5,I:maj,I:sus4,IV:min7,V:sus4(b7),bVII:maj,I:sus4 C,I:sus4 C,I:7 Bb,I:min Bb,IV:maj,V:maj,VI:min,III:min,V:maj B,III:maj,V:7,I:min9,IV:9,"
860,A,"IV:maj7 C#,II:min7 A,II:min7 C#,II:min7,II:min7 C#,"
861,Eb,"I:min,IV:min,V:min Eb,bVI:maj Bb,I:sus4 Eb,I:sus4,I:maj,bVI:maj,bVII:7,bIII:maj Db,I:min Eb,bVI:maj Bb,bVII:sus4(b7),IV:maj,"
862,D,"I:5,II:maj,II:1(b3,IV:maj,IV:maj D,I:maj,I:1,I:5(b7),"
863,E,"I:min,IV:min,bIII:maj,bVI:maj6,"
864,E,"I:7,IV:7,V:7,I:7 B,"
865,D,"I:maj,bVII:maj,IV:maj,bVII:maj G,"
866,G,"I:maj,IV:maj,II:maj,V:maj,I:maj G,"
867,A,"bVI:maj G,I:maj,bVI:maj,V:7,I:5,"
868,G,"I:5,I:min7,bIII:7(#9) Eb,V:min(11) G,IV:7(#9) F,I:min7 C,bVI:maj,bVI:maj(9,I:min7 C,I:min9 C,I:min7 A,IV:maj6 C,I:min C,bIII:7,"
869,B,"bVI:maj,bIII:maj,bIII:7,I:min,IV:min,bVII:maj,bVI:7,IV:min7 D,bVI:maj A,bIII:maj G,bIII:maj E,bVI:sus4 G,bVII:sus4 A,"
870,D,"I:min,bVI:maj,bVII:maj,bIII:maj,IV:min,"
871,C,"I:5,I:maj,V:maj,IV:maj,IV:sus2,I:maj(9),V:maj(9),IV:maj(9),III:min,VI:min(11),"
872,D,"I:maj,V:maj,IV:maj,V:maj F,IV:maj A,bII:7,bII:maj,bVI:maj,#IV:maj,bVI:maj Gb,#IV:maj Bb,"
873,C,"I:maj9,II:min7,I:maj,VI:min,III:min,IV:maj,II:min,IV:maj6 F,V:maj6 G,I:maj C,IV:11 F,V:11,VI:11,VI:maj9,VII:min,"
874,A,"I:min,bVI:maj,bVII:maj,IV:min,bIII:maj,V:7,"
875,Ab,"I:1(b7),IV:1(b7),I:1(b7) Db,bVII:1(b7),IV:min,I:min,bIII:maj,bII:maj,IV:1,I:min(11),bIII:maj(9),bVI:1,#IV:1,bVII:1,bIII:1,bVII:min,IV:5(b7),bII:maj7,bII:1 D,III:1 D,III:1,IV:min7,bIII:maj,bIII:1,bIII:min,bVI:maj,bVI:maj D,bVI:maj E,bVI:maj B,bII:maj E,bIII:min7,"
876,A,"V:maj,I:maj,II:sus4 B,V:7,II:sus4,II:maj,bIII:maj,I:min,"
877,C,"I:min,bVI:maj Bb,"
878,F#,"bIII:maj,IV:maj,IV:min,"
879,D,"I:maj,V:maj,IV:maj,bIII:maj,bVII:maj,I:5 F,IV:5 A,IV:5 Bb,IV:5,bVII:maj A,VI:min,II:sus4 A,bIII:maj G,IV:maj A,IV:maj A,V:min,"
880,Bb,"I:maj F,V:9,VI:min F,III:min,IV:maj F,IV:min7,II:min11 Eb,II:min11,I:maj,"
881,Bb,"I:min,I:sus4(b7),bVI:maj7,V:sus4(b7) F,bVI:maj,bIII:maj,IV:sus4(b7) Eb,IV:min,I:maj,bII:dim,I:1,"
882,G,"I:min7 C,bVII:maj G,bIII:maj C,bIII:min7,"
883,Eb,"V:maj Ab,I:maj,V:maj,V:7,I:maj7 C,I:maj G,VI:min Bb,I:maj Ab,IV:maj7,I:maj(9),IV:maj7 Bb,I:maj Eb,IV:min7 Db,III:min C,I:maj C,I:maj7,VI:min F,II:min G,"
884,E,"I:maj,IV:maj E,V:7,IV:maj,V:7 E,"
885,G,"I:maj D,IV:maj(9),II:min7 G,V:maj,VI:min,IV:maj,I:maj,IV:maj7,II:min7,VI:min7,IV:maj6,"
886,F#,"bVII:maj,bVI:7,bIII:maj,"
887,G,"II:min7,V:maj,I:maj,IV:maj,V:7,VI:min,"
888,B,"I:min,IV:maj,bIII:maj,I:min7,I:5,bVII:5,IV:5,bVII:maj,I:min9,"
889,E,"IV:maj,I:maj7,V:9,I:maj,V:7,I:7,"
890,Bb,"II:min7,I:maj,I:7,IV:maj,VI:min,V:maj,bVII:maj(9),bVII:maj,bVI:maj,bIII:maj6,I:7(#9),IV:min7,bVII:7,V:min7,I:min7,bVII:sus4(b7),bII:maj(9),"
