Song_ID,Song_Name,Song_Duration
"1","I Don't mind","148.723809523"
"2","You've got a Friend","202.321473922"
"3","The Rose","219.72648526"
"4","An Innocent Man","318.003083900"
"5","Lookin' for Love ","208.491972789"
"6","Last Child","193.284240362"
"7","She Bop","225.488979591"
"8","Kiss On My List","228.391927437"
"9","Here's Some Love","176.293877551"
"10","Just Can't Wait","204.056961451"
"11","Never My Love","234.667573696"
"12","And She Was","217.129795918"
"13","Chicago ","236.100498866"
"14","Swing Talkin' Guy","145.580498866"
"15","Rock 'n' Roll Fantasy ","195.233378684"
"16","The Joker ","214.854240362"
"17","Indiana Wants Me","187.809886621"
"18","Crazy On You","290.293174603"
"19","Yvonne Elliman","175.754716553"
"20","Jimi Hendrix","262.385487528"
"21","Foggy Mountain Breakdown","158.824489795"
"22","It's Only Rock and Roll (But I Like It) ","304.871428571"
"23","The Power","217.826394557"
"24","Absolutely Right","137.880090702"
"25","Two Hearts","201.827845804"
"26","Some Like It Hot","304.167097505"
"27","I'll Take You There","191.279319727"
"28","People","219.159183673"
"29","Love Me Do","138.042630385"
"30","Carrie","220.93786848"
"31","Over The Hills and Far Away","300.568707482"
"32","Last Kiss","144.567437641"
"33","Smoking Gun","237.261496598"
"34","I Love You So","174.08"
"35","Is That All There Is","259.808072562"
"36","I Put A Spell On You","252.988662131"
"37","Hurts To Be In Love","219.498231292"
"38","Cry Softly Lonely One","169.885714285"
"39","Do You Love Me","171.316825396"
"40","Bongo Stomp","133.328979591"
"41","Black Cars","187.942312925"
"42","Hot Fun In The Summertime","155.295056689"
"43","Paradise by the Dashboard Light","561.702312925"
"44","Get Together","274.947482993"
"45","Crazy On You","290.293174603"
"46","Nowhere To Run ","175.124897959"
"47","Drivin' Wheel","267.563537414"
"48","Reminiscing","207.402970521"
"49","Dial My Heart","259.552653061"
"50","Cold Sweat - Part 1","170.318367346"
"51","You Can Call Me Al","277.640997732"
"52","Red Red Wine","315.559183673"
"53","I Just Can't Stop Loving You","250.207596371"
"54","Space Oddity","311.608163265"
"55","Buy For Me The Rain","141.154104308"
"56","Fire And Ice","199.248299319"
"57","True","337.455600907"
"58","Shock the Monkey","235.845079365"
"59","Wild Horses","340.938594104"
"60","Drivin' Wheel","267.563537414"
"61","Motown Philly ","230.806349206"
"62","A Trick Of The Night","245.783219954"
"63","Maggie May","345.561065759"
"64","A Lesson in Leavin","177.191473922"
"65","For The Good Times","226.487437641"
"66","We Two","270.582131519"
"67","The Spirit of Radio","295.868662131"
"68","If","152.949841269"
"69","Sweet Home Alabama","282.990997732"
"70","Ma belle amie","195.349478458"
"71","Eight Miles High ","213.703764172"
"72","Letter Full of Tears","161.053605442"
"73","Sunshine of Your Love","250.118888888"
"74","Sweet Little Rock N' Roll","140.114285714"
"75","Let It Rain","300.303673469"
"76","Stand By Me","228.437913832"
"77","Be My Baby","158.617687074"
"78","Have You Ever Loved Somebody","274.645623582"
"79","Silent Night","160.055147392"
"80","Promises","177.307573696"
"81","Willie Nelson","138.202267573"
"82","Stop the Wedding","170.527346938"
"83","Brandy","186.665215419"
"84","Tumbling Dice","223.654603174"
"85","I wouldn't Have Missed it For The World","212.091065759"
"86","Detroit City","165.684263038"
"87","I Had Too Much To Dream","176.750294784"
"88","The Way You Do The Things You Do","179.62956916"
"89","La Grange","229.436371882"
"90","Shock the Monkey","235.845079365"
"91","Runaround Sue","158.778049886"
"92","Wheels ","117.655510204"
"93","Spirits In The Material World","176.916961451"
"94","Just When I Needed You Most","238.445714285"
"95","What's Love Got To Do With It","226.873469387"
"96","Walk Right Back","136.940816326"
"97","Lonely Eyes","186.798752834"
"98","Forever Man","188.615691609"
"99","Sleep Walk","141.405873015"
"100","Something About You","223.910022675"
"101","Little Sister","149.629659863"
"102","If you need me","150.140226757"
"103","Sweet Nothin's","142.802721088"
"104","No Charge","191.579863945"
"105","The Animals ","197.439274376"
"106","Don Gibson","151.074829931"
"107","Golden Earring","278.43047619"
"108","If you need me","150.140226757"
"109","Chicago","288.221678004"
"110","I've Got Love On My Mind","258.786394557"
"111","You Can't Judge A Book By The Cover","187.477913832"
"112","Gordon Lightfoot","199.645170068"
"113","Naked Eyes","218.90031746"
"114","Annie's Song","177.878888888"
"115","Chiquitita","322.942562358"
"116","Always on My Mind","230.759909297"
"117","Just A Dream","148.184693877"
"118","Help Is On The Way","240.336870748"
"119","I Want You To Want Me","218.895283446"
"120","Never Can Say Goodbye","175.984036281"
"121","People Got To Be Free","177.609433106"
"122","Unforgettable","160.288140589"
"123","Shadow Dancing","271.928888888"
"124","Willie And The Hand Jive","689.988208616"
"125","Schoool's out","259.608163265"
"126","Love Me Warm And Tender","137.137052154"
"127","Along Comes A Woman","226.66526077"
"128","Could I Have This Dance","284.141360544"
"129","Love Train","177.818412698"
"130","Wonderful World, Beautiful People","188.638911564"
"131","I Want To Take You Higher","170.898866213"
"132","Pressure","277.919637188"
"133","Maybe I'm Amazed","228.484353741"
"134","Back in the High Life Again","262.176031746"
"135","Another Rainy Day in New York City","178.894353741"
"136","Already Gone","252.911746031"
"137","She's A Lady","145.449795918"
"138","It's Gonna Work Out Fine","179.884988662"
"139","Comin' Home Baby","160.874285714"
"140","The Right Time","201.993832199"
"141","Magic Man","327.053061224"
"142","Do your thing","198.790884353"
"143","Jessie's Girl","192.501995464"
"144","Fernando","251.526530612"
"145","Ramblin' Rose","166.073696145"
"146","Feel Like Making Love","173.03510204"
"147","For Ol' Times Sake","215.34185941"
"148","Wanna Be Startin' Somethin'","362.148253968"
"149","Galveston","158.336870748"
"150","Promises In The Dark","286.046621315"
"151","Still Cruisin","212.555464852"
"152","Honky Tonk Women","179.118730158"
"153","Knowing Me, Knowing You","239.676371882"
"154","Life Is A Carnival","232.756825396"
"155","Back Home Again","282.168888888"
"156","Tonight, Tonight, Tonight","525.746213151"
"157","You Decorated My Life","215.922358276"
"158","Sail On Sailor","195.326258503"
"159","Just The Way You Are","289.208888888"
"160","White Christmas","179.676009070"
"161","Because I Love You","258.530975056"
"162","Have You Seen Your Mother, Baby, Standing In The Shadow? ","153.065963718"
"163","It Amazes Me","156.117414965"
"164","Rhinestone Cowboy","191.378866213"
"165","Last Kiss","144.567437641"
"166","I'd Love To Change The World","222.772244897"
"167","Old Time Rock & Roll","190.844807256"
"168","Handy Man","117.260770975"
"169","Theme From Electric Surfboard","210.493378684"
"170","Love Came To Me","164.712290249"
"171","Sanctify Yourself","295.428571428"
"172","Smokin' In The Boys Room","176.193015873"
"173","Shape Of Things To Come","112.431020408"
"174","Don t Treat Me Bad","321.875011337"
"175","Born To Be Alive","210.999727891"
"176","She's A Lady","145.449795918"
"177","In-A-Gadda-Da-Vida","172.001496598"
"178","Last Kiss","152.183582766"
"179","Dandelion","225.651519274"
"180","(Last Night) I Didn't Get To Sleep At All","188.081632653"
"181","Worried Guy","147.95755102"
"182","Time For Me To Fly","194.187006802"
"183","Money","402.040408163"
"184","In My Room","131.538979591"
"185","Addicted to Love","261.456689342"
"186","Promises In The Dark","286.046621315"
"187","Patches","189.279818594"
"188","Waiting On A Friend","272.439727891"
"189","Born To Be Alive","210.999727891"
"190","It Takes Two","176.169795918"
"191","There's the Girl","233.997959183"
"192","Gotta Serve Somebody","321.503492063"
"193","These Boots Are Made For Walkin'","148.654149659"
"194","As Usual","153.065941043"
"195","Guitar Man","174.242539682"
"196","Long Dark Road","253.422585034"
"197","The Way You Do The Things You Do","215.574716553"
"198","Chicago","288.221678004"
"199","Every Little Thing She Does Is Magic","257.625396825"
"200","Mr. Bojangles","229.87755102"
"201","Just The Way You Are","289.208888888"
"202","Lyin' Eyes","379.884263038"
"203","That's the Way I Feel About Cha","213.298503401"
"204","Here I Go Again","272.555827664"
"205","Do You Want To Know A Secret","114.869115646"
"206","Break It To Me Gently ","239.7692517"
"207","The Humpty Dance ","384.766213151"
"208","In The Navy","224.002902494"
"209","Cruisin'","265.125442176"
"210","You Can't Roller Skate In A Buffalo Herd","107.319160997"
"211","All Through The Night","265.380861678"
"212","The Other Guy","167.183673469"
"213","Daydream Believer","143.476099773"
"214","I Got You (I Feel Good)","165.511836734"
"215","Come And Get Your Love","210.851655328"
"216","Dream Police","228.554013605"
"217","Wheels ","117.655510204"
"218","I Want You","236.055419501"
"219","Floy Joy","150.883265306"
"220","Bird Dog","132.562721088"
"221","Dream Police","228.554013605"
"222","When Will I Be Loved","124.633106575"
"223","Let Me Get To Know You","197.485714285"
"224","My Boy","197.880453514"
"225","Smoking Gun","237.261496598"
"226","Where Do You Wanna Go","141.177324263"
"227","Jungle Boogie","183.809160997"
"228","Waiting On A Friend","272.439727891"
"229","Somebody s Watching Me","235.450340136"
"230","Do You Love Me","171.316825396"
"231","Your Love Has Lifted Me Higher","239.095873015"
"232","Through The Years","280.473832199"
"233","Deeper Shade Of Soul","272.19430839"
"234","Easy","257.880816326"
"235","If I Were Your Woman","190.148208616"
"236","Doo Doo Doo Doo Doo","206.642766439"
"237","Living It Down ","153.382993197"
"238","Sunflower","168.59170068"
"239","The Best","327.006621315"
"240","Don t Treat Me Bad","321.875011337"
"241","Roll On Down The Highway","236.065668934"
"242","Good Vibrations","268.840634920"
"243","I Can't Drive 55","248.05877551"
"244","Philadelphia Freedom","318.563174603"
"245","I Rise, I Fall","135.256235827"
"246","Dum Dum","144.780045351"
"247","Superman","142.96526077"
"248","Just Like Heaven","209.583310657"
"249","I Want To Take You Higher","170.898866213"
"250","This Song","250.609342403"
"251","Last Kiss","152.183582766"
"252","Evil Ways","235.481292517"
"253","Feelin' Stronger Every Day","251.773968253"
"254","Undercover Angel","209.095691609"
"255","Kind Of A Drag","125.364535147"
"256","Kisses On The Wind","235.078820861"
"257","Losing You","150.488526077"
"258","Scarlet Fever","237.468956916"
"259","I Can't Stand The Rain","150.024126984"
"260","The Humpty Dance ","384.766213151"
"261","Best Thing That Ever Happened To Me","222.354285714"
"262","Hocus Pocus","205.310839002"
"263","Where The Streets Have No Names","268.62371882"
"264","Sunshine Superman ","275.495124716"
"265","If you love somebody set them free","253.487278911"
"266","Hold On","218.10510204"
"267","I Really Don't Want To Know","163.189841269"
"268","Time Is On My Side","177.988208616"
"269","Tenderness","213.99510204"
"270","Young Hearts Run Free","218.964399092"
"271","It's Your Thing","214.613741496"
"272","Misunderstanding","190.504807256"
"273","Here Come Those Tears Again","212.928276643"
"274","Fever","198.553287981"
"275","Kozmic Blues","259.947392290"
"276","One Night","149.025668934"
"277","Woman To Woman","232.547845804"
"278","The Goonies `R Good Enough ","216.270657596"
"279","Last Kiss","144.567437641"
"280","I Never Loved A Man","159.49786848"
"281","He's A Rebel","154.183492063"
"282","Amie","258.275555555"
"283","Wild Horses","276.526439909"
"284","Jimmy's Girl","162.121723356"
"285","Sunday Morning Sunshine","224.908480725"
"286","Someone ","229.273832199"
"287","Golden Years","208.166893424"
"288","(You're So Square) Baby, I Don't Care","157.455487528"
"289","Chain Of Fools","163.514920634"
"290","Blow Away","237.707845804"
"291","Pinball Wizard","179.049070294"
"292","See See Rider","147.712290249"
"293","I m Goin Down","205.380498866"
"294","Bluebirds Over The Mountain","168.878730158"
"295","Put Your Hand In The Hand","172.826122448"
"296","I Want a New Drug","282.018344671"
"297","One Bad Apple","162.632562358"
"298","If I Could Reach You","184.645079365"
"299","Where Or When","156.757913832"
"300","Ruby Baby","153.558049886"
"301","World In My Eyes","235.891519274"
"302","Better Things","184.180680272"
"303","I Really Don't Want To Know","163.189841269"
"304","Old Days","207.957913832"
"305","Back Home Again","282.168888888"
"306","Jump (for My Love)","238.858299319"
"307","Jessie's Girl","192.501995464"
"308","Got It Made","271.418049886"
"309","Don't Say You Love Me","269.262607709"
"310","Feel Like Making Love","173.03510204"
"311","Walk On The Wild Side (Part 1)","352.850430839"
"312","With a Little Luck","343.16770975"
"313","Not Fade Away","180.747165532"
"314","Addicted to Love","261.456689342"
"315","On Broadway","178.445351473"
"316","Seasons Of The Heart","225.163900226"
"317","Flesh For Fantasy","275.527981859"
"318","Give To Live","317.775691609"
"319","Little Bit O' Soul","138.994648526"
"320","Ain't Too Proud To Beg","151.779614512"
"321","In Your Soul","231.270748299"
"322","As Usual","153.065941043"
"323","Sweet Music Man","255.187301587"
"324","Come Together","254.513922902"
"325","Silver Threads And Golden Needles","178.549841269"
"326","Daydream Believer","143.476099773"
"327","I Adore Mi Amor","287.712811791"
"328","Carrie-Anne","172.455941043"
"329","One Last Kiss","258.577414965"
"330","Wendy","134.907936507"
"331","Give It To Me Baby","228.902312925"
"332","Baby, Baby Don't Cry","235.427120181"
"333","I'm In Love","300.187573696"
"334","Right Place Wrong Time","331.99877551"
"335","Heart in Hand","146.346870748"
"336","Rich Girl","143.522539682"
"337","My Thang","213.697301587"
"338","Don't stand so close to me","237.377596371"
"339","I Don't Need You","205.821678004"
"340","City In The Sky","221.889886621"
"341","The Battle Of New Orleans","151.821201814"
"342","Last Dance","197.067755102"
"343","I've Been Loving You Too Long (To Stop Now)","192.024217687"
"344","Good Vibrations","268.840634920"
"345","The Joker ","214.854240362"
"346","After the Lovin'","232.63185941"
"347","Still","220.925396825"
"348","For Ol' Times Sake","215.34185941"
"349","How Blue Can You Get","159.590748299"
"350","Oh My Angel","137.71755102"
"351","Going To A Go-Go","200.573968253"
"352","Fool That I Am","175.473197278"
"353","Those Lazy-Hazy-Crazy Days Of Summer","141.962857142"
"354","Years Ago","222.772244897"
"355","Suite","446.253764172"
"356","The Humpty Dance ","384.766213151"
"357","Young Hearts Run Free","218.964399092"
"358","Private Dancer","429.313741496"
"359","Trampled Under Foot","333.484988662"
"360","Love Comes Quickly","253.747664399"
"361","Crystal Blue Persuasion","240.581950113"
"362","This House","305.690702947"
"363","Running Up That Hill","294.045714285"
"364","Baby You're Right","177.454489795"
"365","Indiana Wants Me","187.809886621"
"366","Stop This Game","233.871383219"
"367","With You I'm Born Again","216.409977324"
"368","Wake Me Up Before You Go-Go","229.993650793"
"369","If I Can Dream","190.728707482"
"370","Redneck Friend","238.919229024"
"371","Disco Inferno","213.845646258"
"372","Almost by Being In Love","183.810680272"
"373","Double Shot (Of My Baby's Love)","135.952834467"
"374","Shake Your Groove Thing","331.341043083"
"375","Born To Be Alive","210.999727891"
"376","Maniac","250.193310657"
"377","Walk Right In","134.884716553"
"378","Surrender","253.590408163"
"379","Baby I'm Burnin'","154.366258503"
"380","Cecilia","174.167074829"
"381","Boulevard","199.482630385"
"382","Fool That I Am","175.473197278"
"383","Judy","129.729886621"
"384","The Look","236.848979591"
"385","Dance Away","223.213424036"
"386","Six Days On The Road","140.664353741"
"387","Quarter To Three","147.121632653"
"388","Tarzan Boy (From "Teenage Mutant Ninja Turtles III")","230.008888888"
"389","Oh Me, Oh My (Dreams In My Arms)","162.959909297"
"390","Along Comes A Woman","226.66526077"
"391","Let's work Together","166.370975056"
"392","Giving You the Best That I Got ","254.606802721"
"393","Heart Full of Soul","146.842993197"
"394","I Found A Love","176.169795918"
"395","I Don't Blame You At All","188.871111111"
"396","Amor","181.67292517"
"397","Too Weak To Fight","135.042244897"
"398","Unchained Melody","214.900680272"
"399","We Are The Champions","178.654331065"
"400","Southern Cross","279.119115646"
"401","Talk to me","229.053038548"
"402","The Long Run","219.335691609"
"403","All she wants is","264.057142857"
"404","Situation","343.121269841"
"405","Letter Full of Tears","161.053605442"
"406","Time Is On My Side","177.988208616"
"407","Wish Someone Would Care","130.263945578"
"408","Hey Stoopid","272.573696145"
"409","Tarzan Boy (From "Teenage Mutant Ninja Turtles III")","230.008888888"
"410","I Can Help","174.451519274"
"411","Sleep Walk","141.405873015"
"412","The Thrill Is Gone","239.966621315"
"413","I Love","124.969795918"
"414","Everlasting Love","152.64217687"
"415","Harden My Heart","214.157573696"
"416","Rocket Ride ","245.527800453"
"417","I want to take you higher","321.767074829"
"418","Hot Child in the City","185.782857142"
"419","Simon & Garfunkel","240.698049886"
"420","His Latest Flame","126.13079365"
"421","Everybody Loves Somebody","160.937505668"
"422","If I Could Build My Whole World Around You","140.482993197"
"423","Twisting the Night Away","194.652879818"
"424","Ghostbusters Theme","243.554104308"
"425","It's Only Make Believe","144.404897959"
"426","Higher Ground","227.73877551"
"427","Nick of Time","229.227097505"
"428","Hold On","218.10510204"
"429","Beat It","256.812698412"
"430","If You really love me","175.914376417"
"431","Maneater","270.960566893"
"432","Brass Monkey","157.593832199"
"433","Little Old Lady From Pasadena","165.581882086"
"434","After the Lovin'","232.63185941"
"435","Human Nature","244.738321995"
"436","Out Of My Mind","154.644897959"
"437","Think","164.931337868"
"438","The People In Me","170.341587301"
"439","(Sittin' On) The Dock Of The Bay","159.358548752"
"440","Caught Up In The Rapture","314.278888888"
"441","What Have I Done To Deserve This?","256.781020408"
"442","Stoned Love","177.493333333"
"443","Hello Dolly","143.699727891"
"444","It's Raining Men","202.53893424"
"445","Tainted Love","158.267210884"
"446","Sunrise","319.622675736"
"447","Years From Now","191.541405895"
"448","In Your Soul","231.270748299"
"449","Ask Me","126.084353741"
"450","Harden My Heart","214.157573696"
"451","There's the Girl","233.997959183"
"452","Looking For A Love","221.495147392"
"453","He's so shy","215.295419501"
"454","Looking For A Love","221.495147392"
"455","Big Yellow Taxi","165.000997732"
"456","You Can't Roller Skate In A Buffalo Herd","107.319160997"
"457","Silent Lucidity","345.025306122"
"458","Heaven's Just A Sin Away","141.757823129"
"459","Baby Workout","226.913106575"
"460","Sugar Shack","119.419047619"
"461","With A Little Help From My Friends","189.385396825"
"462","Don't Knock My Love - Pt. 1","140.063106575"
"463","Chained And Bound","153.646439909"
"464","Years Ago","222.772244897"
"465","With Or Without You ","293.291247165"
"466","Brandy","186.665215419"
"467","That Girl","312.006530612"
"468","Feelin' Stronger Every Day","251.773968253"
"469","Silent Lucidity","345.025306122"
"470","Need You Tonight","188.473469387"
"471","On The Road Again","298.678276643"
"472","The Anaheim, Azusa & Cucamonga Sewing Circle, Book Review And Timing Association","161.889523809"
"473","Queen Of Hearts","204.567800453"
"474","Tell It Like It Is","263.314285714"
"475","Fever","206.193197278"
"476","Boulevard","199.482630385"
"477","Too Many Rivers","167.483877551"
"478","People Get Ready","292.548208616"
"479","Heartaches","231.726553287"
"480","Does Anybody Really Know What Time It Is","197.989092970"
"481","White Wedding","249.361496598"
"482","Baby Don't Change Your Mind","191.21632653"
"483","Living In The Past","198.861269841"
"484","This Should Go On Forever","163.677460317"
"485","Sara Smile","182.392743764"
"486","Caught Up In The Rapture","314.278888888"
"487","Some Days Are Diamonds (Some Days Are Stone)","237.026575963"
"488","Ko-Ko Joe","151.092244897"
"489","Lady (You Bring Me Up)","238.261224489"
"490","Rocky Mountain High","281.147210884"
"491","Help Is On The Way","240.336870748"
"492","Where Are You","132.469841269"
"493","Maybe Tomorrow","169.319909297"
"494","For The Good Times","226.487437641"
"495","Would It Make Any Difference To You","156.618594104"
"496","Eight Days A Week","162.644807256"
"497","Breaking Up Is Hard To Do","134.190272108"
"498","Pretty In Pink","277.444149659"
"499","His Latest Flame","126.13079365"
"500","Lucille","217.64063492"
"501","Bird Dog","132.562721088"
"502","I Will","140.521020408"
"503","Getaway","224.444081632"
"504","Do I Do","628.262312925"
"505","Shadow Dancing","271.928888888"
"506","Living Doll","155.906734693"
"507","Love Is A Battlefield","248.653061224"
"508","The Power","217.826394557"
"509","One Way or Another","205.125079365"
"510","That Old Black Magic","174.033219954"
"511","Baby Can I Hold You ","190.635827664"
"512","Crying Time","174.978911564"
"513","Dyer Maker","259.738412698"
"514","I'd Love To Change The World","222.772244897"
"515","Levon","319.622675736"
"516","Smokin' In The Boys Room","176.193015873"
"517","World In My Eyes","235.891519274"
"518","Come Monday","187.204172335"
"519","Foggy Mountain Breakdown","158.824489795"
"520","Walk Right In","179.722448979"
"521","Walk Like A Man","243.507664399"
"522","Too Weak To Fight","135.042244897"
"523","Ask Me","126.084353741"
"524","The Night Chicago Died","213.228843537"
"525","That Girl","312.006530612"
"526","All Through The Night","265.380861678"
"527","Hair","209.033628117"
"528","Press","282.608458049"
"529","I Want To Walk You Home","138.623129251"
"530","Walking In Memphis","252.574852607"
"531","Along Comes A Woman","226.66526077"
"532","Rescue Me","170.922086167"
"533","A Very Special Love Song","165.299297052"
"534","Time Is On My Side","177.988208616"
"535","On Broadway","178.445351473"
"536","Because I Love You","258.530975056"
"537","Hot Child in the City","185.782857142"
"538","Soul And Inspiration","186.734875283"
"539","The Ways Of A Woman In Love","133.909478458"
"540","Last Date","145.867755102"
"541","Hey Baby","141.525623582"
"542","Everybody Loves Me but You","149.714263038"
"543","Hungry Eyes ","244.385532879"
"544","Almost Grown","138.646349206"
"545","My Way ","271.023310657"
"546","Catch My Fall","219.706145124"
"547","I Want You","236.055419501"
"548","You're The First, The Last, My Everything","202.176145124"
"549","I Don't Love You Anymore","239.385782312"
"550","Straight From The Heart","224.676281179"
"551","Magic Man","327.053061224"
"552","Theme From The Dukes Of Hazzard","126.525532879"
"553","True Colors","225.374761904"
"554","September","144.031383219"
"555","Just A Dream","148.184693877"
"556","We're All Alone","216.739229024"
"557","You Took The Words Right Out Of My Mouth","278.752653061"
"558","On The Wings Of A Nightingale","152.934081632"
"559","Unskinny Bop","225.047800453"
"560","Let's Get Serious","213.484263038"
"561","Super Freak Part One","198.15909297"
"562","California Nights","167.591972789"
"563","Big Iron","234.126802721"
"564","Where Or When","156.757913832"
"565","Blue Jean","189.589455782"
"566","Mercy Mercy Me (The Ecology) ","148.473083900"
"567","Just Like Jesse James","243.879183673"
"568","I Cried A Tear","153.762539682"
"569","Lovely Day ","245.899319727"
"570","50 Ways To Leave Your Lover","190.728707482"
"571","Just A Friend","238.956553287"
"572","Journey To The Center Of The Mind","213.089523809"
"573","Trying To Live My Life Without You","232.236938775"
"574","Sexy Eyes ","208.922131519"
"575","Through The Years","280.473832199"
"576","You Can Call Me Al","277.640997732"
"577","Good Morning Starshine","217.77324263"
"578","Sweet Love","261.178049886"
"579","Surfin' Safari","124.746031746"
"580","When Will I Be Loved","124.633106575"
"581","Born To Be Wild","208.655034013"
"582","Goodbye Yellow Brick Road","192.725623582"
"583","If I Could Turn Back Time","239.070022675"
"584","Burning Down The House","240.442630385"
"585","I Got My Mind Set On You","229.746938775"
"586","Dance Away","223.213424036"
"587","Sweet Surrender","153.843537414"
"588","Liar, Liar","110.318004535"
"589","Do You Love Me","171.316825396"
"590","Jump (for My Love)","238.858299319"
"591","Bad Moon Rising","126.767800453"
"592","I Saw Her Standing There","171.887165532"
"593","I Like The Way (The Kissing Game) ","233.406984126"
"594","Get Up (I Feel Like Being Like A) Sex Machine (Part 1)","315.630453514"
"595","Make A Little Magic","233.124920634"
"596","You've Got Another Thing Comin'","304.604081632"
"597","Wheels ","117.655510204"
"598","Elvira","157.165419501"
"599","Don't Talk To Strangers","174.892698412"
"600","And She Was","217.129795918"
"601","Secret Love","212.160725623"
"602","The Battle Of New Orleans","151.821201814"
"603","Superman","142.96526077"
"604","She Thinks I Still Care","229.197777777"
"605","Walk This Way","309.730975056"
"606","Don't stand so close to me","237.377596371"
"607","Somebody s Watching Me","235.450340136"
"608","One","442.92063492"
"609","The Way You Do The Things You Do","179.62956916"
"610","Dance Hall Days","236.030839002"
"611","Me Myself And I","218.731972789"
"612","Baby Don't Change Your Mind","191.21632653"
"613","Don t You Know What The Night Can Do","411.432811791"
"614","Let's Go Get Stoned","180.077619047"
"615","Happy Jack","131.703582766"
"616","War","204.776780045"
"617","On And On And On","218.314013605"
"618","A Dream Goes On Forever","176.159682539"
"619","California Nights","167.591972789"
"620","I Can't Stand It","247.57217687"
"621","I Wish It Would Rain","169.225782312"
"622","Country Road","200.683197278"
"623","Honey Honey","167.528888888"
"624","Be My Baby","158.617687074"
"625","Till The End Of The Day","150.824489795"
"626","Teach Your Children","170.759546485"
"627","Kisses On The Wind","235.078820861"
"628","Time For Me To Fly","194.187006802"
"629","Hold On","218.10510204"
"630","Girl You Know It s True","251.286349206"
"631","If Not You","193.615646258"
"632","Sweet Caroline (Good Times Never Seemed So Good)","186.92063492"
"633","Promises","177.307573696"
"634","A Love Song","146.866213151"
"635","Hot In The City","214.505941043"
"636","Judy","129.729886621"
"637","The Best Disco In Town","191.56462585"
"638","Perfidia","122.810340136"
"639","Out Of Sight, Out Of Mind","157.930521541"
"640","Mony Mony","170.769478458"
"641","Dirty Water","254.792562358"
"642","Treat Her Like A Lady","163.189841269"
"643","Eleanor Rigby","176.610975056"
"644","Cry Like A Baby","151.352086167"
"645","Feel Like Making Love","173.03510204"
"646","Like A Rock","353.804195011"
"647","I Found A True Love","139.946666666"
"648","Starting Over Again","235.032380952"
"649","Riders On The Storm","428.379750566"
"650","I Second That Emotion","165.558276643"
"651","Fakin it","195.813877551"
"652","The Twist","153.110566893"
"653","All I Ever Need Is You","157.524172335"
"654","Feelin' Satisfied","251.379229024"
"655","I Cried A Tear","153.762539682"
"656","Eye In The Sky","233.778503401"
"657","Miss You","281.187074829"
"658","Take A Chance On Me","237.84909297"
"659","The Stroke","206.262857142"
"660","Hello Hello","143.151473922"
"661","Sweet Soul Music","137.377142857"
"662","Breezin'","336.248163265"
"663","Coming On Strong","119.977505668"
"664","Don't Ask Me Why","175.93170068"
"665","Modern Love","286.051065759"
"666","Little Too Late","246.445011337"
"667","Kokomo (From The Cocktail Soundtrack)","214.356190476"
"668","The Look Of Love","671.404988662"
"669","Karma Chameleon","250.403990929"
"670","Venus","217.013696145"
"671","Unforgettable","188.953061224"
"672","Hello Stranger","157.985668934"
"673","Dancing Machine","154.366258503"
"674","You Make Me Feel Like Dancing","170.480907029"
"675","Baby I'm Burnin'","154.366258503"
"676","If","152.949841269"
"677","Shapes Of Things","143.015873015"
"678","The Bitch Is Back","213.667165532"
"679","Nightshift","259.761632653"
"680","There Goes My Everything","177.191473922"
"681","Gloria","230.016870748"
"682","I Want To Take You Higher","170.898866213"
"683","Hocus Pocus","205.310839002"
"684","Freeze-Frame","235.218140589"
"685","Baby Come Back","213.476893424"
"686","Three Hearts In A Tangle","160.728526077"
"687","Unchained Melody","214.831020408"
"688","The Millionaire","178.672811791"
"689","I Drove All Night","249.173333333"
"690","All This Time","294.420997732"
"691","Time Will Reveal","242.06802721"
"692","Play That Funky Music","194.188480725"
"693","Disco Inferno","213.845646258"
"694","In The Midnight Hour ","152.742312925"
"695","The Arms Of Orion","264.707482993"
"696","Hey You! Get Off My Mountain","208.44770975"
"697","Soul Dance Number 3","154.691337868"
"698","Surrender","253.590408163"
"699","Baby What You Want Me To Do","168.042993197"
"700","Over The Hills and Far Away","300.568707482"
"701","Lucky","243.415034013"
"702","We Don t Need Another Hero (Thunderdome)","253.074285714"
"703","Down And Out In New York City","281.936689342"
"704","Goin' Back","205.357278911"
"705","Sugar Magnolia","197.342040816"
"706","Town Without","171.293605442"
"707","Girl I m Gonna Miss You","236.077278911"
"708","Lay Down Sally","226.673197278"
"709","It Keeps Right On A-Hurtin'","166.696054421"
"710","Oh Me Oh My (I'm A Fool For You Baby)","218.500839002"
"711","Is There Something I Should Know","248.523174603"
"712","I've Passed This Way Before","166.487074829"
"713","Count On Me","193.51510204"
"714","Jamie","142.696417233"
"715","Hooked On A Feeling","186.758095238"
"716","My Kinda Lover","208.886712018"
"717","Another Brick In The Wall (Part II)","224.091609977"
"718","Heartbreaker","205.952403628"
"719","I Walk Alone","197.671473922"
"720","My Wish Came True","153.38755102"
"721","After The Love Has Gone","274.833469387"
"722","Ain't No Sunshine","123.528163265"
"723","I've Been Everywhere","166.100204081"
"724","Best Of My Love","270.233832199"
"725","Tuff Enuff ","198.600272108"
"726","This Little Girl","155.364716553"
"727","Sad Eyes","249.453061224"
"728","My Hometown","268.051156462"
"729","Hurts To Be In Love","219.498231292"
"730","Never Can Say Goodbye","175.984036281"
"731","Must Of Got Lost ","176.056802721"
"732","Every Time I Think Of You","240.679024943"
"733","Rock And Roll Never Forgets","207.865034013"
"734","Be My Guest","133.42185941"
"735","Devil Woman ","212.04462585"
"736","Can We Still Be Friends","212.736190476"
"737","There'll Never Be","214.325941043"
"738","Take Me Down","223.064807256"
"739","All Through The Night","265.380861678"
"740","Make Me Smile","263.968503401"
"741","Don't Leave Me This Way","218.366689342"
"742","There But For Fortune","190.984126984"
"743","Who Will You Run To ","242.996825396"
"744","He's A Rebel","154.183492063"
"745","I Can Help","174.451519274"
"746","There's No Other (Like My Baby)","140.805804988"
"747","Look-Ka Py Py","191.030566893"
"748","After The Love Has Gone","274.833469387"
"749","Private Dancer","429.313741496"
"750","Where Are You","132.469841269"
"751","If I Could Build My Whole World Around You","140.482993197"
"752","(I was) Born To Cry","143.766349206"
"753","Rock This Town","202.380090702"
"754","The Twist","153.110566893"
"755","What You See Is What You Get","265.421111111"
"756","Bust A Move","262.851269841"
"757","Ob-La-Di, Ob-La-Da","180.32063492"
"758","It Takes Two ","298.930748299"
"759","Reelin' & Rockin'","195.024399092"
"760","Land Of 1000 Dances","146.587573696"
"761","Never Knew Love Like This Before","322.853786848"
"762","Lonely Weekends","127.497460317"
"763","Wichita Lineman","183.902040816"
"764","Ebony Eyes","183.851791383"
"765","If I Could Build My Whole World Around You","140.482993197"
"766","Funny Girl","161.778707482"
"767","Will The Wolf Survive","220.794353741"
"768","Big Iron","234.126802721"
"769","A Hazy Shade Of Winter","129.260657596"
"770","Lonely Weekends","127.497460317"
"771","Carry Me","211.998185941"
"772","Treat Her Right","123.019319727"
"773","Invisible Touch","205.877596371"
"774","One Less Bell To Answer","207.191655328"
"775","Those Lazy-Hazy-Crazy Days Of Summer","141.962857142"
"776","Cruisin'","265.125442176"
"777","Mighty Good Lovin'","155.620136054"
"778","Loving Her Was Easier","221.982766439"
"779","Get Together","274.947482993"
"780","Torn Between Two Lovers","219.405351473"
"781","Are You Sure Hank Done It This Way","171.804444444"
"782","Oh Father","292.783673469"
"783","Talk Back Trembling Lips","155.759455782"
"784","Hard Days Night","151.548888888"
"785","I Love A Rainy Night","187.059954648"
"786","Tell Me What You Want Me To Do","254.049523809"
"787","Abraham, Martin And John","196.371156462"
"788","A Cowboy's Work Is Never Done","196.373786848"
"789","I Don t Want Your Love","226.422471655"
"790","Going To Chicago Blues","251.820408163"
"791","Rock This Town","202.380090702"
"792","Soul And Inspiration","186.734875283"
"793","Love Came To Me","164.712290249"
"794","The Sounds Of Silence","183.809160997"
"795","Think Of Me","134.373877551"
"796","Running On Empty ","297.080090702"
"797","Easy","257.880816326"
"798","I Got Stripes","122.069319727"
"799","Daddy's Home","176.789115646"
"800","Cruisin'","265.125442176"
"801","My Love","245.899319727"
"802","Ten Percent","194.025941043"
"803","I Cried A Tear","153.762539682"
"804","Rebel Yell","285.884081632"
"805","Ode To Billie Joe","253.095873015"
"806","Right Here, Right Now","182.718367346"
"807","Summertime Blues","224.327981859"
"808","Night Moves","322.33941043"
"809","Live To Tell","349.019138321"
"810","Happy Anniversary","238.050975056"
"811","Against The Wind","328.864217687"
"812","I Want You Back","177.005714285"
"813","Lucky Man","275.701995464"
"814","Kicks","145.565895691"
"815","My World Fell Down","227.021496598"
"816","Private Dancer","429.313741496"
"817","Baby, Baby Don't Cry","235.427120181"
"818","Man In The Mirror","316.935714285"
"819","Only Sixteen","163.445260770"
"820","Standing In The Shadows Of Love","156.527777777"
"821","She's A Woman","173.360181405"
"822","The Year That Clayton Delaney Died","161.982403628"
"823","I Won't Stand In Your Way","232.547845804"
"824","Echoes Of Love","177.27877551"
"825","Three Times A Lady","216.219795918"
"826","Island Of Lost Souls","227.137573696"
"827","Heartbreaker","205.952403628"
"828","Even Now","270.349931972"
"829","Lovers Who Wander","149.675260770"
"830","You Don't Own Me","147.655691609"
"831","Baby Don't Go","187.17015873"
"832","I Don't Want To Spoil The Party","151.464739229"
"833","Last Dance","197.067755102"
"834","Behind Closed Doors","173.68526077"
"835","Get Ready","166.877528344"
"836","I'm In Love","147.545782312"
"837","Carrie","220.93786848"
"838","I'll Tumble 4 Ya","155.223741496"
"839","I've Got A Tiger By The Tail","131.307120181"
"840","All she wants is","264.057142857"
"841","Chicago","288.221678004"
"842","Saturday Night","173.572426303"
"843","You've got a Friend","202.321473922"
"844","Heaven Must Have Sent You","211.278367346"
"845","Amanda","254.70909297"
"846","For Ol' Times Sake","215.34185941"
"847","Something About You","223.910022675"
"848","Will You Love Me Tomorrow","160.937505668"
"849","Alive Again","243.593469387"
"850","Last Dance","197.067755102"
"851","Help!","136.948253968"
"852","Paper Roses","158.185941043"
"853","Happy Man ","167.413945578"
"854","20-75","133.096780045"
"855","That's Old Fashioned (That's The Way Love Should Be)","140.039546485"
"856","Rock'n Me","185.901269841"
"857","Baby Don't Change Your Mind","191.21632653"
"858","All Alone Am I","162.484331065"
"859","Abacab","517.305600907"
"860","Lovin' You","202.115442176"
"861","Lady","230.713469387"
"862","Right Here, Right Now","182.718367346"
"863","El Condor Pasa","185.063038548"
"864","Baby What You Want Me To Do","168.042993197"
"865","If I Were A Carpenter","178.3292517"
"866","Honky Tonk Women","179.118730158"
"867","Rock and Roll, Hoochie Koo","493.228117913"
"868","Frankenstein","204.456099773"
"869","Who Wears These Shoes","240.907029478"
"870","Lambada","203.45324263"
"871","The Rose","219.72648526"
"872","Sidewalk Surfin'","160.290725623"
"873","We Don't Talk Anymore","249.502040816"
"874","She Bop","225.488979591"
"875","Baby Don t Forget My Number","386.310385487"
"876","American Storm","253.074285714"
"877","Let The Music Play ","220.473469387"
"878","Treat Her Like A Lady","163.189841269"
"879","When It's Love","315.173968253"
"880","Crackerbox Palace","234.219682539"
"881","Standing In The Shadows Of Love","156.527777777"
"882","Upside Down","218.128253968"
"883","Sukiyaki","221.971156462"
"884","Johnny Reb","140.15494331"
"885","There She Goes","160.542766439"
"886","Happy Together","172.454603174"
"887","He's So Fine","110.6430839"
"888","White Wedding","249.361496598"
"889","Ebony Eyes","183.851791383"
"890","Where The Streets Have No Names","268.62371882"
